snapshot_time,chart_timeframe,chart_genre,chart_year,chart_week,rank,artist_name,song_title,likes_count,play_count,comments_count,song_url,artist_url,cover_image_url,cover_image_local_path,artist_handle,artist_identity,artist_city,artist_joined_date,artist_accredited_datetime,artist_music_count,artist_fans_count,artist_following_count,artist_facebook_url,artist_instagram_url,artist_youtube_url,related_news,big_thing_appearances,genre,album_title,album_url,collaborators,description,lyrics,release_date,song_accredited_datetime,honors,is_editor_recommended,is_song_of_the_day,critic_review_url
2026-08-23 06:53:30,realtime,explore,,,1,起手氏BeginClan,THE AWAKENING,4,17,4,https://streetvoice.com/amy9013576/songs/875775/,https://streetvoice.com/amy9013576/,"https://akstatic.streetvoice.com/song_covers/am/y9/amy9013576/aj4zgLGi3i7JSDhoj5gJMY.jpeg?x-oss-process=image/resize,m_fixed,h_1,w_1,limit_0/resize,m_fixed,h_630,w_1200,limit_0/watermark,image_c29uZ19jb3ZlcnMvYW0veTkvYW15OTAxMzU3Ni9hajR6Z0xHaTNpN0pTRGhvajVnSk1ZLmpwZWc_eC1vc3MtcHJvY2Vzcz1pbWFnZS9yZXNpemUsbV9maXhlZCxoXzM0NCx3XzM0NCxsaW1pdF8w,g_nw,x_428,y_143/watermark,image_YXNzZXQvaW1hZ2VzL21ldGFpbWFnZS1zb25nLnBuZw,g_nw,x_0,y_0",images/875775.jpeg,@amy9013576,音樂人,,,2026-04-30 10:23,73,86,55,,,https://www.youtube.com/channel/UCZDx__6Ev6Fl_0oLLgr7fBA,,,ACG,,,,,"Silent in the coffin 月は still above 砂に埋もれた name 呼ぶ声だけが lost 千年の sleep, I never fade 闇の底で keep my flame 砕けた seal, I feel it crack 胸の奥で hear it snap 夜行船の影を抜け 黒い海をただ見てた 星図の最後の line が 今、静かに揃い出す Horus no me, see through lies 真実だけを burning light Osiris no trial, I won’t kneel この魂は still alive 羽根と重みのあいだで 選ぶのは my own name 誰のものでもない destiny I rise, I rise again Awaken, awaken, awake me now 星が揃うまで, I will not bow Awaken, awaken, awake me now 冥府を裂いて, I come alive Awaken, awaken, hear my vow 封印の中で I learned how Awaken, awaken, awake me now I take my fate back, take it now 錆びた棺の cold embrace でも heart beats like a drum 失われた treasure turns to dust only one truth remains それは name, and it is yours それは voice I could not lose 記憶の底で still I know I awakened just for you 遠い dawn の first red line 闇をほどく silver knife 崩れた throne, I leave behind 少年はもう myth じゃない Horus no me, see through lies 真実だけを burning light Osiris no trial, I won’t kneel この魂は still alive 砂漠の風が name を呼ぶ “Come back” in the endless blue 群星の gate が開くなら I rise, I rise to you Awaken, awaken, awake me now 星が揃うまで, I will not bow Awaken, awaken, awake me now 冥府を裂いて, I come alive Awaken, awaken, hear my vow 封印の中で I learned how Awaken, awaken, awake me now I take my fate back, take it now Remember me この暗闇のすべてを Remember me I was never meant to sleep Ma’at no hane の上で truth and shadow collide If I fall into the deep I will climb back to the light Awaken, awaken, awake me now 星が揃うその時, I am crowned Awaken, awaken, awake me now 冥府の夜を越えて rise Awaken, awaken, hear my vow “to remember you” is why Awaken, awaken, awake me now I take my fate back, take it now Silent in the coffin 今はもう not alone 朝日が棺を割る I’m home, I’m home 
Silent in the coffin 月は still above 砂に埋もれた name 呼ぶ声だけが lost
千年の sleep, I never fade 闇の底で keep my flame 砕けた seal, I feel it crack 胸の奥で hear it snap
夜行船の影を抜け 黒い海をただ見てた 星図の最後の line が 今、静かに揃い出す
Horus no me, see through lies 真実だけを burning light Osiris no trial, I won’t kneel この魂は still alive
羽根と重みのあいだで 選ぶのは my own name 誰のものでもない destiny I rise, I rise again
Awaken, awaken, awake me now 星が揃うまで, I will not bow Awaken, awaken, awake me now 冥府を裂いて, I come alive
Awaken, awaken, hear my vow 封印の中で I learned how Awaken, awaken, awake me now I take my fate back, take it now
錆びた棺の cold embrace でも heart beats like a drum 失われた treasure turns to dust only one truth remains
それは name, and it is yours それは voice I could not lose 記憶の底で still I know I awakened just for you
遠い dawn の first red line 闇をほどく silver knife 崩れた throne, I leave behind 少年はもう myth じゃない
Horus no me, see through lies 真実だけを burning light Osiris no trial, I won’t kneel この魂は still alive
砂漠の風が name を呼ぶ “Come back” in the endless blue 群星の gate が開くなら I rise, I rise to you
Awaken, awaken, awake me now 星が揃うまで, I will not bow Awaken, awaken, awake me now 冥府を裂いて, I come alive
Awaken, awaken, hear my vow 封印の中で I learned how Awaken, awaken, awake me now I take my fate back, take it now
Remember me この暗闇のすべてを Remember me I was never meant to sleep
Ma’at no hane の上で truth and shadow collide If I fall into the deep I will climb back to the light
Awaken, awaken, awake me now 星が揃うその時, I am crowned Awaken, awaken, awake me now 冥府の夜を越えて rise
Awaken, awaken, hear my vow “to remember you” is why Awaken, awaken, awake me now I take my fate back, take it now
Silent in the coffin 今はもう not alone 朝日が棺を割る I’m home, I’m home
留言（ 4 ） 最相關留言 所有留言
留言（ 4 ）",2026-08-22,,AI 協作 ACG,False,False,
2026-08-23 06:53:30,realtime,explore,,,2,羅架許,浪漫寫手Demo,8,3759,30,https://streetvoice.com/josh_lo/songs/875146/,https://streetvoice.com/josh_lo/,"https://akstatic.streetvoice.com/song_covers/jo/sh/josh_lo/46hqwhfT2aJTkayDihVDpX.jpeg?x-oss-process=image/resize,m_fixed,h_1,w_1,limit_0/resize,m_fixed,h_630,w_1200,limit_0/watermark,image_c29uZ19jb3ZlcnMvam8vc2gvam9zaF9sby80Nmhxd2hmVDJhSlRrYXlEaWhWRHBYLmpwZWc_eC1vc3MtcHJvY2Vzcz1pbWFnZS9yZXNpemUsbV9maXhlZCxoXzM0NCx3XzM0NCxsaW1pdF8w,g_nw,x_428,y_143/watermark,image_YXNzZXQvaW1hZ2VzL21ldGFpbWFnZS1zb25nLnBuZw,g_nw,x_0,y_0",images/875146.jpeg,@josh_lo,音樂人,日本,2016-09-01,2024-10-17 13:45,10,48,30,,,https://www.youtube.com/user/StreetVoiceTV,,,Experimental,,,,"再過幾天情人節快到了～❤️ 祝大家情人節快樂！ 我唱到快破音了~ 詞／唱｜羅架許 編曲｜77喵 鍵盤｜77喵 錄音／混音｜AMG 工作室 製作｜羅架許 剛開始寫歌的時候，常常都在海邊跟超商吸取靈感。 有時候一坐就是一兩個小時，吹著海風、喝著飲料，腦袋裡慢慢長出一些旋律和歌詞。 但很奇怪的是，只要到了海邊，就會很想唱《安平追想曲》😂 可能是台南人的 DNA 吧，海風一吹，腦袋裡不是自己的歌，反而先響起「身穿花紅長洋裝」…… 後來才發現，創作好像本來就是這樣。 有時候你以為自己是去找靈感，最後卻是被一個熟悉的地方、一首老歌，甚至一段記憶帶著走。 海邊、超商、深夜的街道，這些看似普通的地方，反而成了我剛開始寫歌時最常出現的「錄音室」。 而現在回頭想想， 也許那些歌還沒有寫得多好， 但至少都記錄了那個坐在海邊、吹著風，認真想著「我要不要再寫一首歌」的自己。 願每一個正在愛的人，都能被好好珍惜。 也願還沒遇見愛情的人，某一天會遇見那個對的人。🌹 Happy Valentine's Day ❤️ https://open.spotify.com/track/2CTY4DT3S5LDPl94YiBwV9?si=hkxJo3f0Sr2RKD5eirvluQ&utm_source=copy-link 
再過幾天情人節快到了～❤️ 祝大家情人節快樂！ 我唱到快破音了~ 詞／唱｜羅架許 編曲｜77喵 鍵盤｜77喵 錄音／混音｜AMG 工作室 製作｜羅架許
剛開始寫歌的時候，常常都在海邊跟超商吸取靈感。 有時候一坐就是一兩個小時，吹著海風、喝著飲料，腦袋裡慢慢長出一些旋律和歌詞。
但很奇怪的是，只要到了海邊，就會很想唱《安平追想曲》😂 可能是台南人的 DNA 吧，海風一吹，腦袋裡不是自己的歌，反而先響起「身穿花紅長洋裝」……
後來才發現，創作好像本來就是這樣。 有時候你以為自己是去找靈感，最後卻是被一個熟悉的地方、一首老歌，甚至一段記憶帶著走。
海邊、超商、深夜的街道，這些看似普通的地方，反而成了我剛開始寫歌時最常出現的「錄音室」。
而現在回頭想想， 也許那些歌還沒有寫得多好， 但至少都記錄了那個坐在海邊、吹著風，認真想著「我要不要再寫一首歌」的自己。
願每一個正在愛的人，都能被好好珍惜。 也願還沒遇見愛情的人，某一天會遇見那個對的人。🌹
Happy Valentine's Day ❤️
https://open.spotify.com/track/2CTY4DT3S5LDPl94YiBwV9?si=hkxJo3f0Sr2RKD5eirvluQ&utm_source=copy-link
https://open.spotify.com/track/2CTY4DT3S5LDPl94YiBwV9?si=hkxJo3f0Sr2RKD5eirvluQ&utm_source=copy-link","動態歌詞
我寫詞就是硬假裝是 R&B 卻只湊出一堆 ABC 想寫首討厭紅樓夢 卻寫成安平追想曲 Chorus 只怕我自己會愛上你 但是怕我會情不自禁 怕我什麼都想要給你 也許自己會力不從心 Verse 2 想寫一首關於我愛你 那不是詞情感可比擬 就像哈雷的三拍節奏 我寫出了想你的時候 Chorus 只怕我自己會愛上你 但是怕我會情不自禁 怕我什麼都想要給你 也許自己會力不從心 Bridge 不管韻腳該怎麼押 不管歌能否夠傳唱 我只會映襯輝映排比 因為我愛意無語能比 那種自由 就是一起飛 那種風速 我們一起追 如果人生只剩最後一頁 我想寫的還是你的名字 Final Chorus 只怕我自己真的愛上你 這一次我不想再小心翼翼 就算我什麼都給不起 至少還有這首歌送給你 只怕我自己真的愛上你 寫到最後才發現就是你 什麼 R&B 什麼 ABC 我最浪漫的押韻 就是我和你 Outro 我不是什麼浪漫寫手 也寫不出多漂亮的宇宙 只是每一次拿起筆的時候 腦袋裡面 都剛好是你。 
我寫詞就是硬假裝是 R&B 卻只湊出一堆 ABC 想寫首討厭紅樓夢 卻寫成安平追想曲 Chorus 只怕我自己會愛上你 但是怕我會情不自禁 怕我什麼都想要給你 也許自己會力不從心 Verse 2 想寫一首關於我愛你 那不是詞情感可比擬 就像哈雷的三拍節奏 我寫出了想你的時候 Chorus 只怕我自己會愛上你 但是怕我會情不自禁 怕我什麼都想要給你 也許自己會力不從心 Bridge 不管韻腳該怎麼押 不管歌能否夠傳唱 我只會映襯輝映排比 因為我愛意無語能比 那種自由 就是一起飛 那種風速 我們一起追 如果人生只剩最後一頁 我想寫的還是你的名字 Final Chorus 只怕我自己真的愛上你 這一次我不想再小心翼翼 就算我什麼都給不起 至少還有這首歌送給你 只怕我自己真的愛上你 寫到最後才發現就是你 什麼 R&B 什麼 ABC 我最浪漫的押韻 就是我和你 Outro 我不是什麼浪漫寫手 也寫不出多漂亮的宇宙 只是每一次拿起筆的時候 腦袋裡面 都剛好是你。
留言（ 30 ） 最相關留言 所有留言
留言（ 30 ）",2026-08-17,,,False,False,
2026-08-23 06:53:30,realtime,explore,,,3,羽毛（うもう/罪の羽）,【UTAUカバー】Spice!【通音トオ】,0,6,0,https://streetvoice.com/feather_lin/songs/875753/,https://streetvoice.com/feather_lin/,"https://akstatic.streetvoice.com/profile_images/fe/at/feather_lin/GrMUCLiEmDZ6p3T9Qu2MAB.jpeg?x-oss-process=image/resize,m_fixed,h_1,w_1,limit_0/resize,m_fixed,h_630,w_1200,limit_0/watermark,image_cHJvZmlsZV9pbWFnZXMvZmUvYXQvZmVhdGhlcl9saW4vR3JNVUNMaUVtRFo2cDNUOVF1Mk1BQi5qcGVnP3gtb3NzLXByb2Nlc3M9aW1hZ2UvcmVzaXplLG1fZml4ZWQsaF8zNDQsd18zNDQsbGltaXRfMA,g_nw,x_428,y_143/watermark,image_YXNzZXQvaW1hZ2VzL21ldGFpbWFnZS1zb25nLnBuZw,g_nw,x_0,y_0",images/875753.jpeg,@feather_lin,音樂人,,,,44,9,9,,,https://www.youtube.com/user/StreetVoiceTV,,,ACG,,,,"Original：minato UST：Asuka Pyon Edit：羽毛 Vocal：通音トオ 
Original：minato UST：Asuka Pyon Edit：羽毛 Vocal：通音トオ","這是沒有提供歌詞的歌曲
留言（ 0 ） 最相關留言 所有留言
留言（ 0 ）",2026-08-21,,AI 協作 ACG,False,False,
2026-08-23 06:53:30,realtime,explore,,,4,鹹魚和蚊子,戀人,0,15,0,https://streetvoice.com/sos2513/songs/875803/,https://streetvoice.com/sos2513/,"https://akstatic.streetvoice.com/profile_images/so/s2/sos2513/acrqPw5Nrox4Ee6R9JyHbg.jpg?x-oss-process=image/resize,m_fixed,h_1,w_1,limit_0/resize,m_fixed,h_630,w_1200,limit_0/watermark,image_cHJvZmlsZV9pbWFnZXMvc28vczIvc29zMjUxMy9hY3JxUHc1TnJveDRFZTZSOUp5SGJnLmpwZz94LW9zcy1wcm9jZXNzPWltYWdlL3Jlc2l6ZSxtX2ZpeGVkLGhfMzQ0LHdfMzQ0LGxpbWl0XzA,g_nw,x_428,y_143/watermark,image_YXNzZXQvaW1hZ2VzL21ldGFpbWFnZS1zb25nLnBuZw,g_nw,x_0,y_0",images/875803.jpg,@sos2513,音樂人,高雄市,2007-08-01,,20,2,1,,,https://www.youtube.com/user/StreetVoiceTV,,,Soundtrack / New age,,,,,"這是沒有提供歌詞的歌曲
留言（ 0 ） 最相關留言 所有留言
留言（ 0 ）",2026-08-22,,,False,False,
2026-08-23 06:53:30,realtime,explore,,,5,羽毛（うもう/罪の羽）,【UTAUカバー】リモコン【彗星カミ子.彗星カミト】,2,16,2,https://streetvoice.com/feather_lin/songs/875730/,https://streetvoice.com/feather_lin/,"https://akstatic.streetvoice.com/profile_images/fe/at/feather_lin/GrMUCLiEmDZ6p3T9Qu2MAB.jpeg?x-oss-process=image/resize,m_fixed,h_1,w_1,limit_0/resize,m_fixed,h_630,w_1200,limit_0/watermark,image_cHJvZmlsZV9pbWFnZXMvZmUvYXQvZmVhdGhlcl9saW4vR3JNVUNMaUVtRFo2cDNUOVF1Mk1BQi5qcGVnP3gtb3NzLXByb2Nlc3M9aW1hZ2UvcmVzaXplLG1fZml4ZWQsaF8zNDQsd18zNDQsbGltaXRfMA,g_nw,x_428,y_143/watermark,image_YXNzZXQvaW1hZ2VzL21ldGFpbWFnZS1zb25nLnBuZw,g_nw,x_0,y_0",images/875730.jpeg,@feather_lin,音樂人,,,,44,9,9,,,https://www.youtube.com/user/StreetVoiceTV,,,ACG,,,,"Original：じーざすP UST：UtauReizo Edit：羽毛 Vocal：彗星カミ子、彗星カミト 9/5 蝕子さん、お誕生日おめでとう！ 
Original：じーざすP UST：UtauReizo Edit：羽毛 Vocal：彗星カミ子、彗星カミト
9/5 蝕子さん、お誕生日おめでとう！","這是沒有提供歌詞的歌曲
留言（ 2 ） 最相關留言 所有留言
留言（ 2 ）",2026-08-21,,AI 協作 ACG,False,False,
2026-08-23 06:53:30,realtime,explore,,,6,錢建棚,海底輪,0,4,0,https://streetvoice.com/Spney1993/songs/875601/,https://streetvoice.com/Spney1993/,"https://akstatic.streetvoice.com/song_covers/Sp/ne/Spney1993/YG84mAWehsfBU7hXARj8UU.jpeg?x-oss-process=image/resize,m_fixed,h_1,w_1,limit_0/resize,m_fixed,h_630,w_1200,limit_0/watermark,image_c29uZ19jb3ZlcnMvU3AvbmUvU3BuZXkxOTkzL1lHODRtQVdlaHNmQlU3aFhBUmo4VVUuanBlZz94LW9zcy1wcm9jZXNzPWltYWdlL3Jlc2l6ZSxtX2ZpeGVkLGhfMzQ0LHdfMzQ0LGxpbWl0XzA,g_nw,x_428,y_143/watermark,image_YXNzZXQvaW1hZ2VzL21ldGFpbWFnZS1zb25nLnBuZw,g_nw,x_0,y_0",images/875601.jpeg,@Spney1993,音樂人,高雄市,2012-05-01,,1,,2,,,https://www.youtube.com/user/StreetVoiceTV,2022臺灣原創流行音樂大獎公布得獎名單：漂流出口布妲菈・碧海拿原住民族語首獎！|||https://blow.streetvoice.com/62682/?utm_source=streetvoice&utm_medium=profile-news-block; 金曲30原民雙料得主雅維．茉芮有預感 阿爆得獎機率高|||https://blow.streetvoice.com/50579/?utm_source=streetvoice&utm_medium=profile-news-block,,Experimental,,,,"製作: 張宇翔 BreedStudio繁殖音樂工作室 
製作: 張宇翔 BreedStudio繁殖音樂工作室","你沒想過有天所有結局變成最糟的劇本 沒想過最差的人生還能活得更 可恨 認真 的努力到頭來換得 自己唾棄自己 想了結 又沒勇氣輕生 寄生 在徒有其表的空殼 瘋了 以為接受那些機會就能翻身 還剩下多少人情債你欠的 以前的 意氣風發像是體現了 何謂自甘墮落 受夠 那些滿嘴仁義道德 實際上把你賣了 一邊數著鈔票 一邊對你笑 笑你兩肋插刀 眼淚不敢掉 給了你幫助 你還是踏入 深不見底的迴圈 還要上演多少遍 滿手的好牌打成死水的局面 你也知道那些說詞全都是藉口 到頭來你還是挺享受那些虛榮 越是貧乏 越是狂妄 越是拼搏 越是莽撞 越是後悔的 越是你夢想 努力就會成功是嗎 告訴我你定義的成功是什麼 是財富嗎 是自由嗎 是快樂嗎 你什麼時候才要誠實面對你自己 扯謊讓你比較好受嗎 夠了吧 好了吧 好了啦 
你沒想過有天所有結局變成最糟的劇本 沒想過最差的人生還能活得更 可恨 認真 的努力到頭來換得 自己唾棄自己 想了結 又沒勇氣輕生 寄生 在徒有其表的空殼 瘋了 以為接受那些機會就能翻身 還剩下多少人情債你欠的 以前的 意氣風發像是體現了 何謂自甘墮落 受夠 那些滿嘴仁義道德 實際上把你賣了 一邊數著鈔票 一邊對你笑 笑你兩肋插刀 眼淚不敢掉
給了你幫助 你還是踏入 深不見底的迴圈 還要上演多少遍 滿手的好牌打成死水的局面 你也知道那些說詞全都是藉口 到頭來你還是挺享受那些虛榮 越是貧乏 越是狂妄 越是拼搏 越是莽撞 越是後悔的 越是你夢想
努力就會成功是嗎 告訴我你定義的成功是什麼 是財富嗎 是自由嗎 是快樂嗎 你什麼時候才要誠實面對你自己 扯謊讓你比較好受嗎 夠了吧 好了吧 好了啦
留言（ 0 ） 最相關留言 所有留言
留言（ 0 ）",2026-08-20,,編輯推薦,True,False,
2026-08-23 06:53:30,realtime,explore,,,7,賴建宇,中國舞基訓音樂-慢版1,11,1028,2,https://streetvoice.com/ulysses_lai/songs/875135/,https://streetvoice.com/ulysses_lai/,"https://akstatic.streetvoice.com/song_covers/ul/ys/ulysses_lai/5YAuMFUpd5GLtaTBuqHAXU.jpeg?x-oss-process=image/resize,m_fixed,h_1,w_1,limit_0/resize,m_fixed,h_630,w_1200,limit_0/watermark,image_c29uZ19jb3ZlcnMvdWwveXMvdWx5c3Nlc19sYWkvNVlBdU1GVXBkNUdMdGFUQnVxSEFYVS5qcGVnP3gtb3NzLXByb2Nlc3M9aW1hZ2UvcmVzaXplLG1fZml4ZWQsaF8zNDQsd18zNDQsbGltaXRfMA,g_nw,x_428,y_143/watermark,image_YXNzZXQvaW1hZ2VzL21ldGFpbWFnZS1zb25nLnBuZw,g_nw,x_0,y_0",images/875135.jpeg,@ulysses_lai,音樂人,台中市,2026-06-01,,7,12,,,,https://www.youtube.com/user/StreetVoiceTV,,,World,中國民族舞基礎訓練音樂,https://streetvoice.com/ulysses_lai/songs/album/97325914/,,"中國民族舞基礎訓練用音樂-慢版1。 這是集結我個人課堂上的即興伴奏再進行重新改編後的作品。 本音樂目前開放自由使用（請勿進行改作），欲使用本音樂者，請在歌曲留言處留言告知您所屬單位與姓名即可，如需將音樂使用在影片中，也請標註作者及來源。 本作品目前暫不以營利為目的，您的留言及建議將是最好的反饋。 
中國民族舞基礎訓練用音樂-慢版1。
這是集結我個人課堂上的即興伴奏再進行重新改編後的作品。
本音樂目前開放自由使用（請勿進行改作），欲使用本音樂者，請在歌曲留言處留言告知您所屬單位與姓名即可，如需將音樂使用在影片中，也請標註作者及來源。
本作品目前暫不以營利為目的，您的留言及建議將是最好的反饋。","這是沒有提供歌詞的歌曲
留言（ 2 ） 最相關留言 所有留言
留言（ 2 ）",2026-08-17,,,False,False,
2026-08-23 06:53:30,realtime,explore,,,8,鹹魚和蚊子,雜訊,0,3,0,https://streetvoice.com/sos2513/songs/875791/,https://streetvoice.com/sos2513/,"https://akstatic.streetvoice.com/profile_images/so/s2/sos2513/acrqPw5Nrox4Ee6R9JyHbg.jpg?x-oss-process=image/resize,m_fixed,h_1,w_1,limit_0/resize,m_fixed,h_630,w_1200,limit_0/watermark,image_cHJvZmlsZV9pbWFnZXMvc28vczIvc29zMjUxMy9hY3JxUHc1TnJveDRFZTZSOUp5SGJnLmpwZz94LW9zcy1wcm9jZXNzPWltYWdlL3Jlc2l6ZSxtX2ZpeGVkLGhfMzQ0LHdfMzQ0LGxpbWl0XzA,g_nw,x_428,y_143/watermark,image_YXNzZXQvaW1hZ2VzL21ldGFpbWFnZS1zb25nLnBuZw,g_nw,x_0,y_0",images/875791.jpg,@sos2513,音樂人,高雄市,2007-08-01,,20,2,1,,,https://www.youtube.com/user/StreetVoiceTV,,,Soundtrack / New age,,,,,"這是沒有提供歌詞的歌曲
留言（ 0 ） 最相關留言 所有留言
留言（ 0 ）",2026-08-22,,,False,False,
2026-08-23 06:53:30,realtime,explore,,,9,羽毛（うもう/罪の羽）,【UTAUカバー】Circus Monster【双音琥波】,1,32,2,https://streetvoice.com/feather_lin/songs/875641/,https://streetvoice.com/feather_lin/,"https://akstatic.streetvoice.com/profile_images/fe/at/feather_lin/GrMUCLiEmDZ6p3T9Qu2MAB.jpeg?x-oss-process=image/resize,m_fixed,h_1,w_1,limit_0/resize,m_fixed,h_630,w_1200,limit_0/watermark,image_cHJvZmlsZV9pbWFnZXMvZmUvYXQvZmVhdGhlcl9saW4vR3JNVUNMaUVtRFo2cDNUOVF1Mk1BQi5qcGVnP3gtb3NzLXByb2Nlc3M9aW1hZ2UvcmVzaXplLG1fZml4ZWQsaF8zNDQsd18zNDQsbGltaXRfMA,g_nw,x_428,y_143/watermark,image_YXNzZXQvaW1hZ2VzL21ldGFpbWFnZS1zb25nLnBuZw,g_nw,x_0,y_0",images/875641.jpeg,@feather_lin,音樂人,,,,44,9,9,,,https://www.youtube.com/user/StreetVoiceTV,,,ACG,,,,"Original：Circus-P UST：Taketonbo Edit：羽毛 Vocal：双音琥波 
Original：Circus-P UST：Taketonbo Edit：羽毛 Vocal：双音琥波","這是沒有提供歌詞的歌曲
留言（ 2 ） 最相關留言 所有留言
留言（ 2 ）",2026-08-20,,AI 協作 ACG,False,False,
2026-08-23 06:53:30,realtime,explore,,,10,Trot,Spring,1,9,0,https://streetvoice.com/Trot/songs/875266/,https://streetvoice.com/Trot/,"https://akstatic.streetvoice.com/song_covers/Tr/ot/Trot/axAJQBaVuoXmheCVuQxn4L.jpg?x-oss-process=image/resize,m_fixed,h_1,w_1,limit_0/resize,m_fixed,h_630,w_1200,limit_0/watermark,image_c29uZ19jb3ZlcnMvVHIvb3QvVHJvdC9heEFKUUJhVnVvWG1oZUNWdVF4bjRMLmpwZz94LW9zcy1wcm9jZXNzPWltYWdlL3Jlc2l6ZSxtX2ZpeGVkLGhfMzQ0LHdfMzQ0LGxpbWl0XzA,g_nw,x_428,y_143/watermark,image_YXNzZXQvaW1hZ2VzL21ldGFpbWFnZS1zb25nLnBuZw,g_nw,x_0,y_0",images/875266.jpg,@Trot,音樂人,台北市,2024-12-01,,4,20,4,,,https://www.youtube.com/user/StreetVoiceTV,「不要亂入音樂人想傳達的訊息。」知名設計師Lawrence Azerrad的裝幀藝術|||https://blow.streetvoice.com/61604/?utm_source=streetvoice&utm_medium=profile-news-block; 難不成你以為他們只是電腦合成器？淺談電子音樂的現場與發展願景 － 專訪 林哲儀|||https://blow.streetvoice.com/17754/?utm_source=streetvoice&utm_medium=profile-news-block; 混音時必備的10 款聲音 Plug-in|||https://blow.streetvoice.com/6559/?utm_source=streetvoice&utm_medium=profile-news-block,,Soundtrack / New age,,,,,"這是沒有提供歌詞的歌曲
留言（ 0 ） 最相關留言 所有留言
留言（ 0 ）",2026-08-18,,編輯推薦,True,False,
2026-08-23 06:53:30,realtime,explore,,,11,賴建宇,中國舞基訓音樂-中版3,0,10,0,https://streetvoice.com/ulysses_lai/songs/875564/,https://streetvoice.com/ulysses_lai/,"https://akstatic.streetvoice.com/song_covers/ul/ys/ulysses_lai/Fmipi9qwiqHT5CpgGsP99n.jpeg?x-oss-process=image/resize,m_fixed,h_1,w_1,limit_0/resize,m_fixed,h_630,w_1200,limit_0/watermark,image_c29uZ19jb3ZlcnMvdWwveXMvdWx5c3Nlc19sYWkvRm1pcGk5cXdpcUhUNUNwZ0dzUDk5bi5qcGVnP3gtb3NzLXByb2Nlc3M9aW1hZ2UvcmVzaXplLG1fZml4ZWQsaF8zNDQsd18zNDQsbGltaXRfMA,g_nw,x_428,y_143/watermark,image_YXNzZXQvaW1hZ2VzL21ldGFpbWFnZS1zb25nLnBuZw,g_nw,x_0,y_0",images/875564.jpeg,@ulysses_lai,音樂人,台中市,2026-06-01,,7,12,,,,https://www.youtube.com/user/StreetVoiceTV,,,World,中國民族舞基礎訓練音樂,https://streetvoice.com/ulysses_lai/songs/album/97325914/,,"中國民族舞蹈基礎訓練音樂-中版3。 這是集結我個人課堂上的即興伴奏再進行重新改編後的作品。 本音樂目前開放自由使用（請勿進行改作），欲使用本音樂者，請在歌曲留言處留言告知您所屬單位與姓名即可，如需將音樂使用在影片中，也請標註作者及來源。 本作品目前暫不以營利為目的，您的留言及建議將是最好的反饋。 
中國民族舞蹈基礎訓練音樂-中版3。
這是集結我個人課堂上的即興伴奏再進行重新改編後的作品。
本音樂目前開放自由使用（請勿進行改作），欲使用本音樂者，請在歌曲留言處留言告知您所屬單位與姓名即可，如需將音樂使用在影片中，也請標註作者及來源。
本作品目前暫不以營利為目的，您的留言及建議將是最好的反饋。","這是沒有提供歌詞的歌曲
留言（ 0 ） 最相關留言 所有留言
留言（ 0 ）",2026-08-20,,,False,False,
2026-08-23 06:53:30,realtime,explore,,,12,賴建宇,中國舞基訓音樂-中版2,0,33,0,https://streetvoice.com/ulysses_lai/songs/875563/,https://streetvoice.com/ulysses_lai/,"https://akstatic.streetvoice.com/song_covers/ul/ys/ulysses_lai/NQxdk9h94EhTJVBPskPuFp.jpeg?x-oss-process=image/resize,m_fixed,h_1,w_1,limit_0/resize,m_fixed,h_630,w_1200,limit_0/watermark,image_c29uZ19jb3ZlcnMvdWwveXMvdWx5c3Nlc19sYWkvTlF4ZGs5aDk0RWhUSlZCUHNrUHVGcC5qcGVnP3gtb3NzLXByb2Nlc3M9aW1hZ2UvcmVzaXplLG1fZml4ZWQsaF8zNDQsd18zNDQsbGltaXRfMA,g_nw,x_428,y_143/watermark,image_YXNzZXQvaW1hZ2VzL21ldGFpbWFnZS1zb25nLnBuZw,g_nw,x_0,y_0",images/875563.jpeg,@ulysses_lai,音樂人,台中市,2026-06-01,,7,12,,,,https://www.youtube.com/user/StreetVoiceTV,,,World,中國民族舞基礎訓練音樂,https://streetvoice.com/ulysses_lai/songs/album/97325914/,,"中國民族舞蹈基礎訓練音樂-中版2。 這是集結我個人課堂上的即興伴奏再進行重新改編後的作品。 本音樂目前開放自由使用（請勿進行改作），欲使用本音樂者，請在歌曲留言處留言告知您所屬單位與姓名即可，如需將音樂使用在影片中，也請標註作者及來源。 本作品目前暫不以營利為目的，您的留言及建議將是最好的反饋。 
中國民族舞蹈基礎訓練音樂-中版2。
這是集結我個人課堂上的即興伴奏再進行重新改編後的作品。
本音樂目前開放自由使用（請勿進行改作），欲使用本音樂者，請在歌曲留言處留言告知您所屬單位與姓名即可，如需將音樂使用在影片中，也請標註作者及來源。
本作品目前暫不以營利為目的，您的留言及建議將是最好的反饋。","這是沒有提供歌詞的歌曲
留言（ 0 ） 最相關留言 所有留言
留言（ 0 ）",2026-08-20,,,False,False,
2026-08-23 06:53:30,realtime,explore,,,13,賴建宇,中國舞基訓音樂-中版1,0,12,0,https://streetvoice.com/ulysses_lai/songs/875562/,https://streetvoice.com/ulysses_lai/,"https://akstatic.streetvoice.com/song_covers/ul/ys/ulysses_lai/7CynWbZv8VpNicw6HNLvzk.jpeg?x-oss-process=image/resize,m_fixed,h_1,w_1,limit_0/resize,m_fixed,h_630,w_1200,limit_0/watermark,image_c29uZ19jb3ZlcnMvdWwveXMvdWx5c3Nlc19sYWkvN0N5bldiWnY4VnBOaWN3NkhOTHZ6ay5qcGVnP3gtb3NzLXByb2Nlc3M9aW1hZ2UvcmVzaXplLG1fZml4ZWQsaF8zNDQsd18zNDQsbGltaXRfMA,g_nw,x_428,y_143/watermark,image_YXNzZXQvaW1hZ2VzL21ldGFpbWFnZS1zb25nLnBuZw,g_nw,x_0,y_0",images/875562.jpeg,@ulysses_lai,音樂人,台中市,2026-06-01,,7,12,,,,https://www.youtube.com/user/StreetVoiceTV,,,World,中國民族舞基礎訓練音樂,https://streetvoice.com/ulysses_lai/songs/album/97325914/,,"中國民族舞蹈基礎訓練音樂-中版1。 這是集結我個人課堂上的即興伴奏再進行重新改編後的作品。 本音樂目前開放自由使用（請勿進行改作），欲使用本音樂者，請在歌曲留言處留言告知您所屬單位與姓名即可，如需將音樂使用在影片中，也請標註作者及來源。 本作品目前暫不以營利為目的，您的留言及建議將是最好的反饋。 
中國民族舞蹈基礎訓練音樂-中版1。
這是集結我個人課堂上的即興伴奏再進行重新改編後的作品。
本音樂目前開放自由使用（請勿進行改作），欲使用本音樂者，請在歌曲留言處留言告知您所屬單位與姓名即可，如需將音樂使用在影片中，也請標註作者及來源。
本作品目前暫不以營利為目的，您的留言及建議將是最好的反饋。","這是沒有提供歌詞的歌曲
留言（ 0 ） 最相關留言 所有留言
留言（ 0 ）",2026-08-20,,,False,False,
2026-08-23 06:53:30,realtime,explore,,,14,賴建宇,中國舞基訓音樂-快版2,1,87,2,https://streetvoice.com/ulysses_lai/songs/875225/,https://streetvoice.com/ulysses_lai/,"https://akstatic.streetvoice.com/song_covers/ul/ys/ulysses_lai/Yetr8uiuuzxrt2jdrVwANR.jpeg?x-oss-process=image/resize,m_fixed,h_1,w_1,limit_0/resize,m_fixed,h_630,w_1200,limit_0/watermark,image_c29uZ19jb3ZlcnMvdWwveXMvdWx5c3Nlc19sYWkvWWV0cjh1aXV1enhydDJqZHJWd0FOUi5qcGVnP3gtb3NzLXByb2Nlc3M9aW1hZ2UvcmVzaXplLG1fZml4ZWQsaF8zNDQsd18zNDQsbGltaXRfMA,g_nw,x_428,y_143/watermark,image_YXNzZXQvaW1hZ2VzL21ldGFpbWFnZS1zb25nLnBuZw,g_nw,x_0,y_0",images/875225.jpeg,@ulysses_lai,音樂人,台中市,2026-06-01,,7,12,,,,https://www.youtube.com/user/StreetVoiceTV,,,World,中國民族舞基礎訓練音樂,https://streetvoice.com/ulysses_lai/songs/album/97325914/,,"中國民族舞基礎訓練音樂-快版2。 這是集結我個人課堂上的即興伴奏再進行重新改編後的作品。 本音樂目前開放自由使用（請勿進行改作），欲使用本音樂者，請在歌曲留言處留言告知您所屬單位與姓名即可，如需將音樂使用在影片中，也請標註作者及來源。 本作品目前暫不以營利為目的，您的留言及建議將是最好的反饋。 
中國民族舞基礎訓練音樂-快版2。
這是集結我個人課堂上的即興伴奏再進行重新改編後的作品。
本音樂目前開放自由使用（請勿進行改作），欲使用本音樂者，請在歌曲留言處留言告知您所屬單位與姓名即可，如需將音樂使用在影片中，也請標註作者及來源。
本作品目前暫不以營利為目的，您的留言及建議將是最好的反饋。","這是沒有提供歌詞的歌曲
留言（ 2 ） 最相關留言 所有留言
留言（ 2 ）",2026-08-18,,,False,False,
2026-08-23 06:53:30,realtime,explore,,,15,Empty Soda,宇宙精神,0,0,0,https://streetvoice.com/empty_soda/songs/875892/,https://streetvoice.com/empty_soda/,"https://akstatic.streetvoice.com/music_albums/em/pt/empty_soda/GBabXd2P3vE8TD3L33MMvd.jpeg?x-oss-process=image/resize,m_fixed,h_1,w_1,limit_0/resize,m_fixed,h_630,w_1200,limit_0/watermark,image_bXVzaWNfYWxidW1zL2VtL3B0L2VtcHR5X3NvZGEvR0JhYlhkMlAzdkU4VEQzTDMzTU12ZC5qcGVnP3gtb3NzLXByb2Nlc3M9aW1hZ2UvcmVzaXplLG1fZml4ZWQsaF8zNDQsd18zNDQsbGltaXRfMA,g_nw,x_428,y_143/watermark,image_YXNzZXQvaW1hZ2VzL21ldGFpbWFnZS1zb25nLnBuZw,g_nw,x_0,y_0",images/875892.jpeg,@empty_soda,音樂人,其他,2024-09-01,,12,2,1,,,https://www.youtube.com/user/StreetVoiceTV,,,Experimental,空蘇打的空,https://streetvoice.com/empty_soda/songs/album/97325940/,,,"這是沒有提供歌詞的歌曲
留言（ 0 ） 最相關留言 所有留言
留言（ 0 ）",2026-08-22,,,False,False,
2026-08-23 06:53:30,realtime,explore,,,16,臺灣拉丁重擊 Taiwan Latin Smash,思想起,1,15,0,https://streetvoice.com/taiwanlatinsmash/songs/874872/,https://streetvoice.com/taiwanlatinsmash/,"https://akstatic.streetvoice.com/song_covers/ta/iw/taiwanlatinsmash/kAtFSjsESkbEffbKZPEghz.jpeg?x-oss-process=image/resize,m_fixed,h_1,w_1,limit_0/resize,m_fixed,h_630,w_1200,limit_0/watermark,image_c29uZ19jb3ZlcnMvdGEvaXcvdGFpd2FubGF0aW5zbWFzaC9rQXRGU2pzRVNrYkVmZmJLWlBFZ2h6LmpwZWc_eC1vc3MtcHJvY2Vzcz1pbWFnZS9yZXNpemUsbV9maXhlZCxoXzM0NCx3XzM0NCxsaW1pdF8w,g_nw,x_428,y_143/watermark,image_YXNzZXQvaW1hZ2VzL21ldGFpbWFnZS1zb25nLnBuZw,g_nw,x_0,y_0",images/874872.jpeg,@taiwanlatinsmash,音樂人,台北市,2026-08-01,,,1,,,,https://www.youtube.com/user/StreetVoiceTV,,,World,,,,,"啊 我出生在臺灣 臺灣養飼我大漢 思想起 鼓聲出來阿 咿丟心花開 朋友來作陣阿  跳Cha Cha 啊咿呀啊呦喂 做夥鬥陣來 爽快的腳步 啊呦喂 哎呦 緣投的少年家 啊咿呀啊呦喂 思想起 鬥陣仔來 歡歡喜喜逛夜市 聞香阿 山珍海味阿 啊咿呀啊呦喂 做夥鬥陣來 思念的氣味 啊呦喂 哎呦 阿妹啊 哪裡去 啊咿呀啊呦喂 思想起咱的過去 是經過什麼 才來到今仔日 經過多少年 現在知道為什麼 思想起咱的過去 是經過什麼 才來到今仔日 思啊想啊起 我尚讚的好朋友啊 思想起咱的過去 是經過什麼 才來到今仔日 大家鬥陣來作伙 燒酒喝一杯 思想起咱的過去 是經過什麼 才來到今仔日 乎乾啦 乎乾啦 乎乾啦 思想起 鼓聲出來阿 咿丟心花開 朋友來做陣阿  做陣跳Cha Cha 啊咿呀啊呦喂 做夥鬥陣來 ㄧ杯又ㄧ杯 啊呦喂 啊呦喂 喝乎乾 透心涼 啊咿呀啊呦喂 
啊 我出生在臺灣 臺灣養飼我大漢
思想起 鼓聲出來阿 咿丟心花開 朋友來作陣阿  跳Cha Cha 啊咿呀啊呦喂
做夥鬥陣來 爽快的腳步 啊呦喂 哎呦 緣投的少年家 啊咿呀啊呦喂
思想起 鬥陣仔來 歡歡喜喜逛夜市 聞香阿 山珍海味阿 啊咿呀啊呦喂
做夥鬥陣來 思念的氣味 啊呦喂 哎呦 阿妹啊 哪裡去 啊咿呀啊呦喂
思想起咱的過去 是經過什麼 才來到今仔日 經過多少年 現在知道為什麼
思想起咱的過去 是經過什麼 才來到今仔日 思啊想啊起 我尚讚的好朋友啊
思想起咱的過去 是經過什麼 才來到今仔日 大家鬥陣來作伙 燒酒喝一杯
思想起咱的過去 是經過什麼 才來到今仔日 乎乾啦 乎乾啦 乎乾啦
思想起 鼓聲出來阿 咿丟心花開 朋友來做陣阿  做陣跳Cha Cha 啊咿呀啊呦喂
做夥鬥陣來 ㄧ杯又ㄧ杯 啊呦喂 啊呦喂 喝乎乾 透心涼 啊咿呀啊呦喂
留言（ 0 ） 最相關留言 所有留言
留言（ 0 ）",2026-08-15,,編輯推薦,True,False,
2026-08-23 06:53:30,realtime,explore,,,17,藍海52,乘風來的人,0,1,1,https://streetvoice.com/jesic0615/songs/875742/,https://streetvoice.com/jesic0615/,"https://akstatic.streetvoice.com/song_covers/je/si/jesic0615/HGmih5QB4p4f5UhkC8SC2B.jpg?x-oss-process=image/resize,m_fixed,h_1,w_1,limit_0/resize,m_fixed,h_630,w_1200,limit_0/watermark,image_c29uZ19jb3ZlcnMvamUvc2kvamVzaWMwNjE1L0hHbWloNVFCNHA0ZjVVaGtDOFNDMkIuanBnP3gtb3NzLXByb2Nlc3M9aW1hZ2UvcmVzaXplLG1fZml4ZWQsaF8zNDQsd18zNDQsbGltaXRfMA,g_nw,x_428,y_143/watermark,image_YXNzZXQvaW1hZ2VzL21ldGFpbWFnZS1zb25nLnBuZw,g_nw,x_0,y_0",images/875742.jpg,@jesic0615,音樂人,,,,5,1,,,,https://www.youtube.com/user/StreetVoiceTV,,,World,,,,"#藍海52 #乘風來的人 #世界音樂 #非洲音樂 #非洲樂器 #Kalimba #拇指琴 #Djembe #金貝鼓 #Marimba #木琴 
#藍海52 #乘風來的人 #世界音樂 #非洲音樂 #非洲樂器 #Kalimba #拇指琴 #Djembe #金貝鼓 #Marimba #木琴","【主歌一】 乘風而來的人 留在我心底 就不曾離開 你的出現 寫下我生命 最動人的歌曲 每一首歌 每一句詩 都是為你鋪陳 你乘著風而來 吹過我靈魂 最深的黑暗 帶領我飛 帶領我在草地上 欣賞落陽 【主歌二】 你風衣下的裙擺 像我的旋律 我總是看著它 讓旋律 在我的心裡 慢慢飛揚 風輕輕吹過 你的身影 也吹進我的夢裡 【Hook】 乘風來的人 乘風來的人 你從風裡來 走進我心裡 乘風來的人 乘風來的人 我等了千年 只為遇見你 【副歌】 你的身影 是我最美的盼望 等了千年 祈禱了千年 乘風來的人 我心有所屬 就是你 乘風來的人 我愛你 【Hook】 乘風來的人 乘風來的人 你從風裡來 帶我一起飛 乘風來的人 乘風來的人 穿過我的黑暗 走進我的心海 【尾奏】 等了千年 只為這一刻 乘風來的人 我終於等到你 #乘風來的人 #藍海52 #雙生火焰 #靈魂共振 #命定相遇 千年等待 愛情詩 浪漫情歌 靈魂深處 風的旋律 唯美情歌 愛你 原創歌曲 AI音樂 Suno 音樂創作 華語歌曲 Music LoveSong Soulmate 
【主歌一】
乘風而來的人 留在我心底 就不曾離開
你的出現 寫下我生命 最動人的歌曲
每一首歌 每一句詩 都是為你鋪陳
你乘著風而來 吹過我靈魂 最深的黑暗
帶領我飛 帶領我在草地上 欣賞落陽
【主歌二】
你風衣下的裙擺 像我的旋律 我總是看著它
讓旋律 在我的心裡 慢慢飛揚
風輕輕吹過 你的身影 也吹進我的夢裡
【Hook】
乘風來的人 乘風來的人
你從風裡來 走進我心裡
乘風來的人 乘風來的人
我等了千年 只為遇見你
【副歌】
你的身影 是我最美的盼望
等了千年 祈禱了千年
乘風來的人 我心有所屬
就是你
乘風來的人 我愛你
【Hook】
乘風來的人 乘風來的人
你從風裡來 帶我一起飛
乘風來的人 乘風來的人
穿過我的黑暗 走進我的心海
【尾奏】
等了千年 只為這一刻
乘風來的人
我終於等到你
#乘風來的人 #藍海52 #雙生火焰 #靈魂共振 #命定相遇 千年等待 愛情詩 浪漫情歌 靈魂深處 風的旋律 唯美情歌 愛你 原創歌曲 AI音樂 Suno 音樂創作 華語歌曲 Music LoveSong Soulmate
留言（ 1 ） 最相關留言 所有留言
留言（ 1 ）",2026-08-21,,AI 協作 World,False,False,
2026-08-23 06:53:30,realtime,explore,,,18,賴建宇,中國舞基訓音樂-慢版5,1,38,0,https://streetvoice.com/ulysses_lai/songs/875363/,https://streetvoice.com/ulysses_lai/,"https://akstatic.streetvoice.com/song_covers/ul/ys/ulysses_lai/Ampw4brrqDb6eTb4CZFRWV.jpeg?x-oss-process=image/resize,m_fixed,h_1,w_1,limit_0/resize,m_fixed,h_630,w_1200,limit_0/watermark,image_c29uZ19jb3ZlcnMvdWwveXMvdWx5c3Nlc19sYWkvQW1wdzRicnJxRGI2ZVRiNENaRlJXVi5qcGVnP3gtb3NzLXByb2Nlc3M9aW1hZ2UvcmVzaXplLG1fZml4ZWQsaF8zNDQsd18zNDQsbGltaXRfMA,g_nw,x_428,y_143/watermark,image_YXNzZXQvaW1hZ2VzL21ldGFpbWFnZS1zb25nLnBuZw,g_nw,x_0,y_0",images/875363.jpeg,@ulysses_lai,音樂人,台中市,2026-06-01,,7,12,,,,https://www.youtube.com/user/StreetVoiceTV,,,World,中國民族舞基礎訓練音樂,https://streetvoice.com/ulysses_lai/songs/album/97325914/,,"中國民族舞基礎訓練音樂-慢版5。 這是集結我個人課堂上的即興伴奏再進行重新改編後的作品。 本音樂目前開放自由使用（請勿進行改作），欲使用本音樂者，請在歌曲留言處留言告知您所屬單位與姓名即可，如需將音樂使用在影片中，也請標註作者及來源。 本作品目前暫不以營利為目的，您的留言及建議將是最好的反饋。 
中國民族舞基礎訓練音樂-慢版5。
這是集結我個人課堂上的即興伴奏再進行重新改編後的作品。
本音樂目前開放自由使用（請勿進行改作），欲使用本音樂者，請在歌曲留言處留言告知您所屬單位與姓名即可，如需將音樂使用在影片中，也請標註作者及來源。
本作品目前暫不以營利為目的，您的留言及建議將是最好的反饋。","這是沒有提供歌詞的歌曲
留言（ 0 ） 最相關留言 所有留言
留言（ 0 ）",2026-08-19,,,False,False,
2026-08-23 06:53:30,realtime,explore,,,19,賴建宇,中國舞基訓音樂-快版5,0,18,0,https://streetvoice.com/ulysses_lai/songs/875366/,https://streetvoice.com/ulysses_lai/,"https://akstatic.streetvoice.com/song_covers/ul/ys/ulysses_lai/5bZX6iykKgo2zN3eacE6Sm.jpeg?x-oss-process=image/resize,m_fixed,h_1,w_1,limit_0/resize,m_fixed,h_630,w_1200,limit_0/watermark,image_c29uZ19jb3ZlcnMvdWwveXMvdWx5c3Nlc19sYWkvNWJaWDZpeWtLZ28yek4zZWFjRTZTbS5qcGVnP3gtb3NzLXByb2Nlc3M9aW1hZ2UvcmVzaXplLG1fZml4ZWQsaF8zNDQsd18zNDQsbGltaXRfMA,g_nw,x_428,y_143/watermark,image_YXNzZXQvaW1hZ2VzL21ldGFpbWFnZS1zb25nLnBuZw,g_nw,x_0,y_0",images/875366.jpeg,@ulysses_lai,音樂人,台中市,2026-06-01,,7,12,,,,https://www.youtube.com/user/StreetVoiceTV,,,World,中國民族舞基礎訓練音樂,https://streetvoice.com/ulysses_lai/songs/album/97325914/,,"中國民族舞蹈基礎訓練音樂-快版5。 這是集結我個人課堂上的即興伴奏再進行重新改編後的作品。 本音樂目前開放自由使用（請勿進行改作），欲使用本音樂者，請在歌曲留言處留言告知您所屬單位與姓名即可，如需將音樂使用在影片中，也請標註作者及來源。 本作品目前暫不以營利為目的，您的留言及建議將是最好的反饋。 
中國民族舞蹈基礎訓練音樂-快版5。
這是集結我個人課堂上的即興伴奏再進行重新改編後的作品。
本音樂目前開放自由使用（請勿進行改作），欲使用本音樂者，請在歌曲留言處留言告知您所屬單位與姓名即可，如需將音樂使用在影片中，也請標註作者及來源。
本作品目前暫不以營利為目的，您的留言及建議將是最好的反饋。","這是沒有提供歌詞的歌曲
留言（ 0 ） 最相關留言 所有留言
留言（ 0 ）",2026-08-19,,,False,False,
2026-08-23 06:53:30,realtime,explore,,,20,賴建宇,中國舞基訓音樂-慢版4,0,12,2,https://streetvoice.com/ulysses_lai/songs/875361/,https://streetvoice.com/ulysses_lai/,"https://akstatic.streetvoice.com/song_covers/ul/ys/ulysses_lai/oCKLUQX4Guc4TZywuitd59.jpeg?x-oss-process=image/resize,m_fixed,h_1,w_1,limit_0/resize,m_fixed,h_630,w_1200,limit_0/watermark,image_c29uZ19jb3ZlcnMvdWwveXMvdWx5c3Nlc19sYWkvb0NLTFVRWDRHdWM0VFp5d3VpdGQ1OS5qcGVnP3gtb3NzLXByb2Nlc3M9aW1hZ2UvcmVzaXplLG1fZml4ZWQsaF8zNDQsd18zNDQsbGltaXRfMA,g_nw,x_428,y_143/watermark,image_YXNzZXQvaW1hZ2VzL21ldGFpbWFnZS1zb25nLnBuZw,g_nw,x_0,y_0",images/875361.jpeg,@ulysses_lai,音樂人,台中市,2026-06-01,,7,12,,,,https://www.youtube.com/user/StreetVoiceTV,,,World,中國民族舞基礎訓練音樂,https://streetvoice.com/ulysses_lai/songs/album/97325914/,,"中國民族舞基礎訓練音樂-慢版4。 這是集結我個人課堂上的即興伴奏再進行重新改編後的作品。 本音樂目前開放自由使用（請勿進行改作），欲使用本音樂者，請在歌曲留言處留言告知您所屬單位與姓名即可，如需將音樂使用在影片中，也請標註作者及來源。 本作品目前暫不以營利為目的，您的留言及建議將是最好的反饋。 
中國民族舞基礎訓練音樂-慢版4。
這是集結我個人課堂上的即興伴奏再進行重新改編後的作品。
本音樂目前開放自由使用（請勿進行改作），欲使用本音樂者，請在歌曲留言處留言告知您所屬單位與姓名即可，如需將音樂使用在影片中，也請標註作者及來源。
本作品目前暫不以營利為目的，您的留言及建議將是最好的反饋。","這是沒有提供歌詞的歌曲
留言（ 2 ） 最相關留言 所有留言
留言（ 2 ）",2026-08-19,,,False,False,
2026-08-23 06:53:30,realtime,explore,,,21,kanasi_boxi,李白,1,5,0,https://streetvoice.com/kanasi_boxi/songs/875328/,https://streetvoice.com/kanasi_boxi/,"https://akstatic.streetvoice.com/song_covers/ka/na/kanasi_boxi/H2sFPGrrVcFaYyDCCvQrte.jpg?x-oss-process=image/resize,m_fixed,h_1,w_1,limit_0/resize,m_fixed,h_630,w_1200,limit_0/watermark,image_c29uZ19jb3ZlcnMva2EvbmEva2FuYXNpX2JveGkvSDJzRlBHcnJWY0ZhWXlEQ0N2UXJ0ZS5qcGc_eC1vc3MtcHJvY2Vzcz1pbWFnZS9yZXNpemUsbV9maXhlZCxoXzM0NCx3XzM0NCxsaW1pdF8w,g_nw,x_428,y_143/watermark,image_YXNzZXQvaW1hZ2VzL21ldGFpbWFnZS1zb25nLnBuZw,g_nw,x_0,y_0",images/875328.jpg,@kanasi_boxi,音樂人,,,,11,,,,,https://www.youtube.com/user/StreetVoiceTV,,,World,,,,,"這是沒有提供歌詞的歌曲
留言（ 0 ） 最相關留言 所有留言
留言（ 0 ）",2026-08-19,,,False,False,
2026-08-23 06:53:30,realtime,explore,,,22,賴建宇,中國舞基訓音樂-快版3,1,110,0,https://streetvoice.com/ulysses_lai/songs/875242/,https://streetvoice.com/ulysses_lai/,"https://akstatic.streetvoice.com/song_covers/ul/ys/ulysses_lai/dxcfFNmcKKF7NKB2SUc845.jpeg?x-oss-process=image/resize,m_fixed,h_1,w_1,limit_0/resize,m_fixed,h_630,w_1200,limit_0/watermark,image_c29uZ19jb3ZlcnMvdWwveXMvdWx5c3Nlc19sYWkvZHhjZkZObWNLS0Y3TktCMlNVYzg0NS5qcGVnP3gtb3NzLXByb2Nlc3M9aW1hZ2UvcmVzaXplLG1fZml4ZWQsaF8zNDQsd18zNDQsbGltaXRfMA,g_nw,x_428,y_143/watermark,image_YXNzZXQvaW1hZ2VzL21ldGFpbWFnZS1zb25nLnBuZw,g_nw,x_0,y_0",images/875242.jpeg,@ulysses_lai,音樂人,台中市,2026-06-01,,7,12,,,,https://www.youtube.com/user/StreetVoiceTV,,,World,中國民族舞基礎訓練音樂,https://streetvoice.com/ulysses_lai/songs/album/97325914/,,"中國民族舞基礎訓練音樂-快版3。 這是集結我個人課堂上的即興伴奏再進行重新改編後的作品。 本音樂目前開放自由使用（請勿進行改作），欲使用本音樂者，請在歌曲留言處留言告知您所屬單位與姓名即可，如需將音樂使用在影片中，也請標註作者及來源。 本作品目前暫不以營利為目的，您的留言及建議將是最好的反饋。 
中國民族舞基礎訓練音樂-快版3。
這是集結我個人課堂上的即興伴奏再進行重新改編後的作品。
本音樂目前開放自由使用（請勿進行改作），欲使用本音樂者，請在歌曲留言處留言告知您所屬單位與姓名即可，如需將音樂使用在影片中，也請標註作者及來源。
本作品目前暫不以營利為目的，您的留言及建議將是最好的反饋。","這是沒有提供歌詞的歌曲
留言（ 0 ） 最相關留言 所有留言
留言（ 0 ）",2026-08-18,,,False,False,
2026-08-23 06:53:30,realtime,explore,,,23,賴建宇,中國舞基訓音樂-快版4,1,59,0,https://streetvoice.com/ulysses_lai/songs/875365/,https://streetvoice.com/ulysses_lai/,"https://akstatic.streetvoice.com/song_covers/ul/ys/ulysses_lai/9N6m4zwpFAyWaZtNJMfPqd.jpeg?x-oss-process=image/resize,m_fixed,h_1,w_1,limit_0/resize,m_fixed,h_630,w_1200,limit_0/watermark,image_c29uZ19jb3ZlcnMvdWwveXMvdWx5c3Nlc19sYWkvOU42bTR6d3BGQXlXYVp0TkpNZlBxZC5qcGVnP3gtb3NzLXByb2Nlc3M9aW1hZ2UvcmVzaXplLG1fZml4ZWQsaF8zNDQsd18zNDQsbGltaXRfMA,g_nw,x_428,y_143/watermark,image_YXNzZXQvaW1hZ2VzL21ldGFpbWFnZS1zb25nLnBuZw,g_nw,x_0,y_0",images/875365.jpeg,@ulysses_lai,音樂人,台中市,2026-06-01,,7,12,,,,https://www.youtube.com/user/StreetVoiceTV,,,World,中國民族舞基礎訓練音樂,https://streetvoice.com/ulysses_lai/songs/album/97325914/,,"中國民族舞基礎訓練音樂-快版4。 這是集結我個人課堂上的即興伴奏再進行重新改編後的作品。 本音樂目前開放自由使用（請勿進行改作），欲使用本音樂者，請在歌曲留言處留言告知您所屬單位與姓名即可，如需將音樂使用在影片中，也請標註作者及來源。 本作品目前暫不以營利為目的，您的留言及建議將是最好的反饋。 
中國民族舞基礎訓練音樂-快版4。
這是集結我個人課堂上的即興伴奏再進行重新改編後的作品。
本音樂目前開放自由使用（請勿進行改作），欲使用本音樂者，請在歌曲留言處留言告知您所屬單位與姓名即可，如需將音樂使用在影片中，也請標註作者及來源。
本作品目前暫不以營利為目的，您的留言及建議將是最好的反饋。","這是沒有提供歌詞的歌曲
留言（ 0 ） 最相關留言 所有留言
留言（ 0 ）",2026-08-19,,,False,False,
2026-08-23 06:53:30,realtime,explore,,,24,羽毛（うもう/罪の羽）,【UTAUカバー】 ハッピーシンセサイザ 【羽音ツミノ.子音シャナ】,0,7,0,https://streetvoice.com/feather_lin/songs/875433/,https://streetvoice.com/feather_lin/,"https://akstatic.streetvoice.com/profile_images/fe/at/feather_lin/GrMUCLiEmDZ6p3T9Qu2MAB.jpeg?x-oss-process=image/resize,m_fixed,h_1,w_1,limit_0/resize,m_fixed,h_630,w_1200,limit_0/watermark,image_cHJvZmlsZV9pbWFnZXMvZmUvYXQvZmVhdGhlcl9saW4vR3JNVUNMaUVtRFo2cDNUOVF1Mk1BQi5qcGVnP3gtb3NzLXByb2Nlc3M9aW1hZ2UvcmVzaXplLG1fZml4ZWQsaF8zNDQsd18zNDQsbGltaXRfMA,g_nw,x_428,y_143/watermark,image_YXNzZXQvaW1hZ2VzL21ldGFpbWFnZS1zb25nLnBuZw,g_nw,x_0,y_0",images/875433.jpeg,@feather_lin,音樂人,,,,44,9,9,,,https://www.youtube.com/user/StreetVoiceTV,,,ACG,,,,"Original：EasyPop. UST：豆腐喪死 Edit：羽毛 Vocal：羽音ツミノ、子音シャナ 
Original：EasyPop. UST：豆腐喪死 Edit：羽毛 Vocal：羽音ツミノ、子音シャナ","這是沒有提供歌詞的歌曲
留言（ 0 ） 最相關留言 所有留言
留言（ 0 ）",2026-08-19,,AI 協作 ACG,False,False,
2026-08-23 06:53:30,realtime,explore,,,25,賴建宇,中國舞基訓音樂-慢版3,3,101,2,https://streetvoice.com/ulysses_lai/songs/875241/,https://streetvoice.com/ulysses_lai/,"https://akstatic.streetvoice.com/song_covers/ul/ys/ulysses_lai/eW8jxnGuh23HcEqXMaHArd.jpeg?x-oss-process=image/resize,m_fixed,h_1,w_1,limit_0/resize,m_fixed,h_630,w_1200,limit_0/watermark,image_c29uZ19jb3ZlcnMvdWwveXMvdWx5c3Nlc19sYWkvZVc4anhuR3VoMjNIY0VxWE1hSEFyZC5qcGVnP3gtb3NzLXByb2Nlc3M9aW1hZ2UvcmVzaXplLG1fZml4ZWQsaF8zNDQsd18zNDQsbGltaXRfMA,g_nw,x_428,y_143/watermark,image_YXNzZXQvaW1hZ2VzL21ldGFpbWFnZS1zb25nLnBuZw,g_nw,x_0,y_0",images/875241.jpeg,@ulysses_lai,音樂人,台中市,2026-06-01,,7,12,,,,https://www.youtube.com/user/StreetVoiceTV,,,World,中國民族舞基礎訓練音樂,https://streetvoice.com/ulysses_lai/songs/album/97325914/,,"中國民族舞基礎訓練音樂-慢版3。 這是集結我個人課堂上的即興伴奏再進行重新改編後的作品。 本音樂目前開放自由使用（請勿進行改作），欲使用本音樂者，請在歌曲留言處留言告知您所屬單位與姓名即可，如需將音樂使用在影片中，也請標註作者及來源。 本作品目前暫不以營利為目的，您的留言及建議將是最好的反饋。 
中國民族舞基礎訓練音樂-慢版3。
這是集結我個人課堂上的即興伴奏再進行重新改編後的作品。
本音樂目前開放自由使用（請勿進行改作），欲使用本音樂者，請在歌曲留言處留言告知您所屬單位與姓名即可，如需將音樂使用在影片中，也請標註作者及來源。
本作品目前暫不以營利為目的，您的留言及建議將是最好的反饋。","這是沒有提供歌詞的歌曲
留言（ 2 ） 最相關留言 所有留言
留言（ 2 ）",2026-08-18,,,False,False,
2026-08-23 06:53:30,realtime,explore,,,26,李敏哲,Untranslated Tropics - The Heat,13,210,4,https://streetvoice.com/minzer_c_lee/songs/875022/,https://streetvoice.com/minzer_c_lee/,"https://akstatic.streetvoice.com/song_covers/mi/nz/minzer_c_lee/iyK487bpHaMKbVWUs3L785.jpeg?x-oss-process=image/resize,m_fixed,h_1,w_1,limit_0/resize,m_fixed,h_630,w_1200,limit_0/watermark,image_c29uZ19jb3ZlcnMvbWkvbnovbWluemVyX2NfbGVlL2l5SzQ4N2JwSGFNS2JWV1VzM0w3ODUuanBlZz94LW9zcy1wcm9jZXNzPWltYWdlL3Jlc2l6ZSxtX2ZpeGVkLGhfMzQ0LHdfMzQ0LGxpbWl0XzA,g_nw,x_428,y_143/watermark,image_YXNzZXQvaW1hZ2VzL21ldGFpbWFnZS1zb25nLnBuZw,g_nw,x_0,y_0",images/875022.jpeg,@minzer_c_lee,音樂人,,,,16,30,42,,,https://www.youtube.com/user/StreetVoiceTV,,,World,,,,"沒有翻譯官 才能有的熱帶戀情 Kalimba + Cello A shared glance under a canopy of green, understanding the space that lies in between. No common tongue, yet the rhythm takes hold, in a humid romance warmer than gold. Salty breeze whispering stories unknown, two hearts beating in a language their own. Bound by the heat and the slow-falling tide, where words disappear, and feelings abide. 
沒有翻譯官 才能有的熱帶戀情 Kalimba + Cello
A shared glance under a canopy of green, understanding the space that lies in between. No common tongue, yet the rhythm takes hold, in a humid romance warmer than gold.
Salty breeze whispering stories unknown, two hearts beating in a language their own. Bound by the heat and the slow-falling tide, where words disappear, and feelings abide.","這是沒有提供歌詞的歌曲
留言（ 4 ） 最相關留言 所有留言
留言（ 4 ）",2026-08-16,,AI 協作 World,False,False,
2026-08-23 06:53:30,realtime,explore,,,27,賴建宇,中國舞基訓音樂-快版1,2,227,0,https://streetvoice.com/ulysses_lai/songs/875143/,https://streetvoice.com/ulysses_lai/,"https://akstatic.streetvoice.com/song_covers/ul/ys/ulysses_lai/BGT4jHzzSzwWG4NttnZ2ja.jpeg?x-oss-process=image/resize,m_fixed,h_1,w_1,limit_0/resize,m_fixed,h_630,w_1200,limit_0/watermark,image_c29uZ19jb3ZlcnMvdWwveXMvdWx5c3Nlc19sYWkvQkdUNGpIenpTendXRzROdHRuWjJqYS5qcGVnP3gtb3NzLXByb2Nlc3M9aW1hZ2UvcmVzaXplLG1fZml4ZWQsaF8zNDQsd18zNDQsbGltaXRfMA,g_nw,x_428,y_143/watermark,image_YXNzZXQvaW1hZ2VzL21ldGFpbWFnZS1zb25nLnBuZw,g_nw,x_0,y_0",images/875143.jpeg,@ulysses_lai,音樂人,台中市,2026-06-01,,7,12,,,,https://www.youtube.com/user/StreetVoiceTV,,,World,中國民族舞基礎訓練音樂,https://streetvoice.com/ulysses_lai/songs/album/97325914/,,"中國民族舞蹈基礎訓練音樂-快版1。 這是集結我個人課堂上的即興伴奏再進行重新改編後的作品。 本音樂目前開放自由使用（請勿進行改作），欲使用本音樂者，請在歌曲留言處留言告知您所屬單位與姓名即可，如需將音樂使用在影片中，也請標註作者及來源。 本作品目前暫不以營利為目的，您的留言及建議將是最好的反饋。 
中國民族舞蹈基礎訓練音樂-快版1。
這是集結我個人課堂上的即興伴奏再進行重新改編後的作品。
本音樂目前開放自由使用（請勿進行改作），欲使用本音樂者，請在歌曲留言處留言告知您所屬單位與姓名即可，如需將音樂使用在影片中，也請標註作者及來源。
本作品目前暫不以營利為目的，您的留言及建議將是最好的反饋。","這是沒有提供歌詞的歌曲
留言（ 0 ） 最相關留言 所有留言
留言（ 0 ）",2026-08-17,,,False,False,
2026-08-23 06:53:30,realtime,explore,,,28,vu vu,practice#1,1,9,0,https://streetvoice.com/k_ssfwl/songs/875559/,https://streetvoice.com/k_ssfwl/,"https://akstatic.streetvoice.com/song_covers/k_/ss/k_ssfwl/TKyfCaQYpaDMV46q9PrEwD.jpeg?x-oss-process=image/resize,m_fixed,h_1,w_1,limit_0/resize,m_fixed,h_630,w_1200,limit_0/watermark,image_c29uZ19jb3ZlcnMva18vc3Mva19zc2Z3bC9US3lmQ2FRWXBhRE1WNDZxOVByRXdELmpwZWc_eC1vc3MtcHJvY2Vzcz1pbWFnZS9yZXNpemUsbV9maXhlZCxoXzM0NCx3XzM0NCxsaW1pdF8w,g_nw,x_428,y_143/watermark,image_YXNzZXQvaW1hZ2VzL21ldGFpbWFnZS1zb25nLnBuZw,g_nw,x_0,y_0",images/875559.jpeg,@k_ssfwl,音樂人,,,,1,7,15,,,https://www.youtube.com/user/StreetVoiceTV,越南都會靈魂新聲Vũ Thanh Vân 4/5首度海外專場台北THE WALL登場|||https://blow.streetvoice.com/86879/?utm_source=streetvoice&utm_medium=profile-news-block; 【吹對談】痛苦不是創作的必需品——饒舌歌手Vuize王鍾惟⇋電子音樂製作人B E N N|||https://blow.streetvoice.com/82493/?utm_source=streetvoice&utm_medium=profile-news-block; 客語饒舌歌手Vuize王鍾惟與日本創作才女Ai Kakihira共演 台北、東京兩地登場|||https://blow.streetvoice.com/78710/?utm_source=streetvoice&utm_medium=profile-news-block,,Experimental,,,,,"這是沒有提供歌詞的歌曲
留言（ 0 ） 最相關留言 所有留言
留言（ 0 ）",2026-08-20,,,False,False,
2026-08-23 06:53:30,realtime,explore,,,29,羽毛（うもう/罪の羽）,【UTAUカバー】深海少女 -deep sea girl-【子音シャナ】,2,20,0,https://streetvoice.com/feather_lin/songs/875282/,https://streetvoice.com/feather_lin/,"https://akstatic.streetvoice.com/profile_images/fe/at/feather_lin/GrMUCLiEmDZ6p3T9Qu2MAB.jpeg?x-oss-process=image/resize,m_fixed,h_1,w_1,limit_0/resize,m_fixed,h_630,w_1200,limit_0/watermark,image_cHJvZmlsZV9pbWFnZXMvZmUvYXQvZmVhdGhlcl9saW4vR3JNVUNMaUVtRFo2cDNUOVF1Mk1BQi5qcGVnP3gtb3NzLXByb2Nlc3M9aW1hZ2UvcmVzaXplLG1fZml4ZWQsaF8zNDQsd18zNDQsbGltaXRfMA,g_nw,x_428,y_143/watermark,image_YXNzZXQvaW1hZ2VzL21ldGFpbWFnZS1zb25nLnBuZw,g_nw,x_0,y_0",images/875282.jpeg,@feather_lin,音樂人,,,,44,9,9,,,https://www.youtube.com/user/StreetVoiceTV,,,ACG,,,,"Original：ゆうゆ UST：grashese Edit：羽毛 Vocal：子音シャナ 
Original：ゆうゆ UST：grashese Edit：羽毛 Vocal：子音シャナ","這是沒有提供歌詞的歌曲
留言（ 0 ） 最相關留言 所有留言
留言（ 0 ）",2026-08-18,,AI 協作 ACG,False,False,
2026-08-23 06:53:30,realtime,explore,,,30,賴建宇,中國舞基訓音樂-慢版2,1,66,0,https://streetvoice.com/ulysses_lai/songs/875142/,https://streetvoice.com/ulysses_lai/,"https://akstatic.streetvoice.com/song_covers/ul/ys/ulysses_lai/kHvMgzDoM6uUssnNQjUJ2h.jpeg?x-oss-process=image/resize,m_fixed,h_1,w_1,limit_0/resize,m_fixed,h_630,w_1200,limit_0/watermark,image_c29uZ19jb3ZlcnMvdWwveXMvdWx5c3Nlc19sYWkva0h2TWd6RG9NNnVVc3NuTlFqVUoyaC5qcGVnP3gtb3NzLXByb2Nlc3M9aW1hZ2UvcmVzaXplLG1fZml4ZWQsaF8zNDQsd18zNDQsbGltaXRfMA,g_nw,x_428,y_143/watermark,image_YXNzZXQvaW1hZ2VzL21ldGFpbWFnZS1zb25nLnBuZw,g_nw,x_0,y_0",images/875142.jpeg,@ulysses_lai,音樂人,台中市,2026-06-01,,7,12,,,,https://www.youtube.com/user/StreetVoiceTV,,,World,中國民族舞基礎訓練音樂,https://streetvoice.com/ulysses_lai/songs/album/97325914/,,"中國民族舞基礎訓練音樂-慢版2。 這是集結我個人課堂上的即興伴奏再進行重新改編後的作品。 本音樂目前開放自由使用（請勿進行改作），欲使用本音樂者，請在歌曲留言處留言告知您所屬單位與姓名即可，如需將音樂使用在影片中，也請標註作者及來源。 本作品目前暫不以營利為目的，您的留言及建議將是最好的反饋。 
中國民族舞基礎訓練音樂-慢版2。
這是集結我個人課堂上的即興伴奏再進行重新改編後的作品。
本音樂目前開放自由使用（請勿進行改作），欲使用本音樂者，請在歌曲留言處留言告知您所屬單位與姓名即可，如需將音樂使用在影片中，也請標註作者及來源。
本作品目前暫不以營利為目的，您的留言及建議將是最好的反饋。","這是沒有提供歌詞的歌曲
留言（ 0 ） 最相關留言 所有留言
留言（ 0 ）",2026-08-17,,,False,False,
2026-08-23 06:53:30,realtime,explore,,,31,ChiaSong 嘉頌重奏團,樂脈：蕭厝庄的奇蹟The Miracle of Hsiao,0,42,0,https://streetvoice.com/ChiaSong/songs/874176/,https://streetvoice.com/ChiaSong/,"https://akstatic.streetvoice.com/song_covers/Ch/ia/ChiaSong/kNyE7txuFKhMrf7JFzKraB.jpeg?x-oss-process=image/resize,m_fixed,h_1,w_1,limit_0/resize,m_fixed,h_630,w_1200,limit_0/watermark,image_c29uZ19jb3ZlcnMvQ2gvaWEvQ2hpYVNvbmcva055RTd0eHVGS2hNcmY3SkZ6S3JhQi5qcGVnP3gtb3NzLXByb2Nlc3M9aW1hZ2UvcmVzaXplLG1fZml4ZWQsaF8zNDQsd18zNDQsbGltaXRfMA,g_nw,x_428,y_143/watermark,image_YXNzZXQvaW1hZ2VzL21ldGFpbWFnZS1zb25nLnBuZw,g_nw,x_0,y_0",images/874176.jpeg,@ChiaSong,音樂人,嘉義市,2026-06-01,,8,3,,,,https://www.youtube.com/user/StreetVoiceTV,,,Soundtrack / New age,樂脈 Soundtrack,https://streetvoice.com/ChiaSong/songs/album/97325890/,,"作曲：楊元碩 演奏：指揮簡晟軒、單簧管獨奏楊元碩、東京佼成管樂團 === 源自一份對家鄉的深情。蕭厝庄，是故事的起點，是記憶與信念的所在。 這首曲子獻給嘉義縣布袋鎮，獻給那片滋養生命的土地。旋律中流淌著台灣的氣息，是布袋的日常，是蕭厝庄的回憶，也是每位曾在這片土地生活過的人共同的記憶。 透過音符，我們說出愛與感謝，也傳遞祝福。這不只是音樂，更是一封寫給家鄉的情書、一個溫暖的擁抱，帶領我們回到那段純粹而熟悉的時光。願這份來自蕭厝庄的情感，觸動、喚起聽者對故鄉的珍惜與感動。 === #鄉土、#懷念、#感謝、#祭拜、#宗教感 (現場活動、旁白配樂、宗教祭祀、影像配樂) 
作曲：楊元碩 演奏：指揮簡晟軒、單簧管獨奏楊元碩、東京佼成管樂團 === 源自一份對家鄉的深情。蕭厝庄，是故事的起點，是記憶與信念的所在。 這首曲子獻給嘉義縣布袋鎮，獻給那片滋養生命的土地。旋律中流淌著台灣的氣息，是布袋的日常，是蕭厝庄的回憶，也是每位曾在這片土地生活過的人共同的記憶。 透過音符，我們說出愛與感謝，也傳遞祝福。這不只是音樂，更是一封寫給家鄉的情書、一個溫暖的擁抱，帶領我們回到那段純粹而熟悉的時光。願這份來自蕭厝庄的情感，觸動、喚起聽者對故鄉的珍惜與感動。 === #鄉土、#懷念、#感謝、#祭拜、#宗教感 (現場活動、旁白配樂、宗教祭祀、影像配樂)","這是沒有提供歌詞的歌曲
留言（ 0 ） 最相關留言 所有留言
留言（ 0 ）",2026-08-12,,編輯推薦,True,False,
2026-08-23 06:53:30,realtime,explore,,,32,賴建宇,飛越台灣-組曲（Ver.3）,1,48,0,https://streetvoice.com/ulysses_lai/songs/873816/,https://streetvoice.com/ulysses_lai/,"https://akstatic.streetvoice.com/song_covers/ul/ys/ulysses_lai/TvQBkaFmHTG4zYFEhu4MnA.jpeg?x-oss-process=image/resize,m_fixed,h_1,w_1,limit_0/resize,m_fixed,h_630,w_1200,limit_0/watermark,image_c29uZ19jb3ZlcnMvdWwveXMvdWx5c3Nlc19sYWkvVHZRQmthRm1IVEc0ellGRWh1NE1uQS5qcGVnP3gtb3NzLXByb2Nlc3M9aW1hZ2UvcmVzaXplLG1fZml4ZWQsaF8zNDQsd18zNDQsbGltaXRfMA,g_nw,x_428,y_143/watermark,image_YXNzZXQvaW1hZ2VzL21ldGFpbWFnZS1zb25nLnBuZw,g_nw,x_0,y_0",images/873816.jpeg,@ulysses_lai,音樂人,台中市,2026-06-01,,7,12,,,,https://www.youtube.com/user/StreetVoiceTV,,,Classical,,,,"這是我在 2018 年創作的音樂組曲，是作為對應台灣各大知名景點的背景音樂，從蘭嶼開始，各大景點包含：清水斷崖、花東縱谷與海岸線、東北角奇岩、苗栗客家聚落、日月潭、台南慶典廟會、高雄愛河、玉山及中央山脈群峰、綠島海洋、台東伯朗大道、鹿野高台、最後則是台北101⋯等知名景點。 版權所有，未經授權請勿任意使用。 
這是我在 2018 年創作的音樂組曲，是作為對應台灣各大知名景點的背景音樂，從蘭嶼開始，各大景點包含：清水斷崖、花東縱谷與海岸線、東北角奇岩、苗栗客家聚落、日月潭、台南慶典廟會、高雄愛河、玉山及中央山脈群峰、綠島海洋、台東伯朗大道、鹿野高台、最後則是台北101⋯等知名景點。
版權所有，未經授權請勿任意使用。","無 
無
留言（ 0 ） 最相關留言 所有留言
留言（ 0 ）",2026-08-10,,編輯推薦,True,False,
2026-08-23 06:53:30,realtime,explore,,,33,賴建宇,新建宇宙 New Layer Verse (形象片主題曲),0,14,0,https://streetvoice.com/ulysses_lai/songs/874396/,https://streetvoice.com/ulysses_lai/,"https://akstatic.streetvoice.com/song_covers/ul/ys/ulysses_lai/89CAXXy8DPF9vF6Xgzkoys.jpeg?x-oss-process=image/resize,m_fixed,h_1,w_1,limit_0/resize,m_fixed,h_630,w_1200,limit_0/watermark,image_c29uZ19jb3ZlcnMvdWwveXMvdWx5c3Nlc19sYWkvODlDQVhYeThEUEY5dkY2WGd6a295cy5qcGVnP3gtb3NzLXByb2Nlc3M9aW1hZ2UvcmVzaXplLG1fZml4ZWQsaF8zNDQsd18zNDQsbGltaXRfMA,g_nw,x_428,y_143/watermark,image_YXNzZXQvaW1hZ2VzL21ldGFpbWFnZS1zb25nLnBuZw,g_nw,x_0,y_0",images/874396.jpeg,@ulysses_lai,音樂人,台中市,2026-06-01,,7,12,,,,https://www.youtube.com/user/StreetVoiceTV,,,ACG,,,,"這是我在2026年為亞洲大學數位媒體設計系畢業展形象宣傳片《新建宇宙》所製作的主題曲，音樂段落依宣傳片企劃及分鏡需求製作，音樂風格採用日本 J-Pop 動漫舞曲風格。 版權所有，未經授權請勿任意使用。 
這是我在2026年為亞洲大學數位媒體設計系畢業展形象宣傳片《新建宇宙》所製作的主題曲，音樂段落依宣傳片企劃及分鏡需求製作，音樂風格採用日本 J-Pop 動漫舞曲風格。
版權所有，未經授權請勿任意使用。","這是沒有提供歌詞的歌曲
留言（ 0 ） 最相關留言 所有留言
留言（ 0 ）",2026-08-14,,,False,False,
2026-08-23 06:53:30,realtime,explore,,,34,賴建宇,限時燃燒 Fever Time (形象片主題曲),0,25,0,https://streetvoice.com/ulysses_lai/songs/874378/,https://streetvoice.com/ulysses_lai/,"https://akstatic.streetvoice.com/song_covers/ul/ys/ulysses_lai/fqEr9PmJSBHejqHoutw2wQ.jpeg?x-oss-process=image/resize,m_fixed,h_1,w_1,limit_0/resize,m_fixed,h_630,w_1200,limit_0/watermark,image_c29uZ19jb3ZlcnMvdWwveXMvdWx5c3Nlc19sYWkvZnFFcjlQbUpTQkhlanFIb3V0dzJ3US5qcGVnP3gtb3NzLXByb2Nlc3M9aW1hZ2UvcmVzaXplLG1fZml4ZWQsaF8zNDQsd18zNDQsbGltaXRfMA,g_nw,x_428,y_143/watermark,image_YXNzZXQvaW1hZ2VzL21ldGFpbWFnZS1zb25nLnBuZw,g_nw,x_0,y_0",images/874378.jpeg,@ulysses_lai,音樂人,台中市,2026-06-01,,7,12,,,,https://www.youtube.com/user/StreetVoiceTV,,,ACG,,,,"這是我在2021年為亞洲大學數位媒體設計系畢業展形象宣傳片《Fever Time》所製作的主題曲，音樂段落依宣傳片企劃及分鏡需求製作，音樂採用 J-Pop Rock 日式動漫音樂風格。 版權所有，未經授權請勿任意使用。 
這是我在2021年為亞洲大學數位媒體設計系畢業展形象宣傳片《Fever Time》所製作的主題曲，音樂段落依宣傳片企劃及分鏡需求製作，音樂採用 J-Pop Rock 日式動漫音樂風格。
版權所有，未經授權請勿任意使用。","這是沒有提供歌詞的歌曲
留言（ 0 ） 最相關留言 所有留言
留言（ 0 ）",2026-08-13,,,False,False,
2026-08-23 06:53:30,realtime,explore,,,35,賴建宇,PAINT逆行動 (形象片主題曲),0,35,0,https://streetvoice.com/ulysses_lai/songs/874368/,https://streetvoice.com/ulysses_lai/,"https://akstatic.streetvoice.com/song_covers/ul/ys/ulysses_lai/JrphEtxGNHzKa4aaieE9fY.jpeg?x-oss-process=image/resize,m_fixed,h_1,w_1,limit_0/resize,m_fixed,h_630,w_1200,limit_0/watermark,image_c29uZ19jb3ZlcnMvdWwveXMvdWx5c3Nlc19sYWkvSnJwaEV0eEdOSHpLYTRhYWllRTlmWS5qcGVnP3gtb3NzLXByb2Nlc3M9aW1hZ2UvcmVzaXplLG1fZml4ZWQsaF8zNDQsd18zNDQsbGltaXRfMA,g_nw,x_428,y_143/watermark,image_YXNzZXQvaW1hZ2VzL21ldGFpbWFnZS1zb25nLnBuZw,g_nw,x_0,y_0",images/874368.jpeg,@ulysses_lai,音樂人,台中市,2026-06-01,,7,12,,,,https://www.youtube.com/user/StreetVoiceTV,,,ACG,,,,"這是我在2023年為亞洲大學數位媒體設計系畢業展形象宣傳片《Paint逆行動》所製作的主題曲，音樂段落依宣傳片企劃及分鏡需求製作，音樂風格採用目前廣受歡迎的日式動漫音樂風。 版權所有，未經授權請勿任意使用。 
這是我在2023年為亞洲大學數位媒體設計系畢業展形象宣傳片《Paint逆行動》所製作的主題曲，音樂段落依宣傳片企劃及分鏡需求製作，音樂風格採用目前廣受歡迎的日式動漫音樂風。
版權所有，未經授權請勿任意使用。","這是沒有提供歌詞的歌曲
留言（ 0 ） 最相關留言 所有留言
留言（ 0 ）",2026-08-13,,,False,False,
2026-08-23 06:53:30,realtime,explore,,,36,賴建宇,死線狂徒 (形象片主題曲),0,28,0,https://streetvoice.com/ulysses_lai/songs/874366/,https://streetvoice.com/ulysses_lai/,"https://akstatic.streetvoice.com/song_covers/ul/ys/ulysses_lai/4eXieGmFi5VdBaxQj5PVNE.jpeg?x-oss-process=image/resize,m_fixed,h_1,w_1,limit_0/resize,m_fixed,h_630,w_1200,limit_0/watermark,image_c29uZ19jb3ZlcnMvdWwveXMvdWx5c3Nlc19sYWkvNGVYaWVHbUZpNVZkQmF4UWo1UFZORS5qcGVnP3gtb3NzLXByb2Nlc3M9aW1hZ2UvcmVzaXplLG1fZml4ZWQsaF8zNDQsd18zNDQsbGltaXRfMA,g_nw,x_428,y_143/watermark,image_YXNzZXQvaW1hZ2VzL21ldGFpbWFnZS1zb25nLnBuZw,g_nw,x_0,y_0",images/874366.jpeg,@ulysses_lai,音樂人,台中市,2026-06-01,,7,12,,,,https://www.youtube.com/user/StreetVoiceTV,,,ACG,,,,"這是我在2022年為亞洲大學數位媒體設計系畢業展形象宣傳片《死線狂徒》所製作的主題曲，音樂段落依宣傳片企劃及分鏡需求製作，音樂風格採用目前廣受歡迎的日式動漫音樂風。 版權所有，未經授權請勿任意使用。 
這是我在2022年為亞洲大學數位媒體設計系畢業展形象宣傳片《死線狂徒》所製作的主題曲，音樂段落依宣傳片企劃及分鏡需求製作，音樂風格採用目前廣受歡迎的日式動漫音樂風。
版權所有，未經授權請勿任意使用。","這是沒有提供歌詞的歌曲
留言（ 0 ） 最相關留言 所有留言
留言（ 0 ）",2026-08-13,,,False,False,
2026-08-23 06:53:30,realtime,explore,,,37,羅架許,星期日晚上去逛夜市吧Demo,37,7179,26,https://streetvoice.com/josh_lo/songs/873682/,https://streetvoice.com/josh_lo/,"https://akstatic.streetvoice.com/song_covers/jo/sh/josh_lo/RZbGfLtBp7opiuh86DwUDT.jpg?x-oss-process=image/resize,m_fixed,h_1,w_1,limit_0/resize,m_fixed,h_630,w_1200,limit_0/watermark,image_c29uZ19jb3ZlcnMvam8vc2gvam9zaF9sby9SWmJHZkx0QnA3b3BpdWg4NkR3VURULmpwZz94LW9zcy1wcm9jZXNzPWltYWdlL3Jlc2l6ZSxtX2ZpeGVkLGhfMzQ0LHdfMzQ0LGxpbWl0XzA,g_nw,x_428,y_143/watermark,image_YXNzZXQvaW1hZ2VzL21ldGFpbWFnZS1zb25nLnBuZw,g_nw,x_0,y_0",images/873682.jpg,@josh_lo,音樂人,日本,2016-09-01,2024-10-17 13:45,10,48,30,,,https://www.youtube.com/user/StreetVoiceTV,,,Experimental,,,月光喵_77,"大大武花大武花 今天星期日晚上已經沒有辦法再十六蹲 只能利用剩餘的力氣去覓食 作詞｜羅架許 作曲｜羅架許 演唱｜77 琦琦 編曲｜Ethan Cole × Southern Cross Audio 音樂製作｜羅架許 × Southern Cross Audio 和聲編寫｜Mia Thompson 混音｜Jack Wilson 母帶後期｜Oliver Hayes 製作統籌｜羅架許 海外合作製作｜Southern Cross Audio｜Australia https://open.spotify.com/track/6XK4qvQd0PkhPRm9X8bqzb?si=VbIuRCSaTkKqMHuoLhOv0w&utm_source=copy-link 
大大武花大武花 今天星期日晚上已經沒有辦法再十六蹲 只能利用剩餘的力氣去覓食
作詞｜羅架許 作曲｜羅架許 演唱｜77 琦琦
編曲｜Ethan Cole × Southern Cross Audio 音樂製作｜羅架許 × Southern Cross Audio 和聲編寫｜Mia Thompson 混音｜Jack Wilson 母帶後期｜Oliver Hayes
製作統籌｜羅架許 海外合作製作｜Southern Cross Audio｜Australia
https://open.spotify.com/track/6XK4qvQd0PkhPRm9X8bqzb?si=VbIuRCSaTkKqMHuoLhOv0w&utm_source=copy-link
https://open.spotify.com/track/6XK4qvQd0PkhPRm9X8bqzb?si=VbIuRCSaTkKqMHuoLhOv0w&utm_source=copy-link","動態歌詞
星期日晚上 DO NOTHING 行不行 DO  NOT 給手抱緊 Do NOT somelike CHill 什麼都不想忙 明天又要早起 鬧鐘我六點半 想到這裡 心情突然有點煩 但今天還是今天 先不要想明天 換件舒服的衣服 出門走一圈 你說夜市有一家 新開的雞排 我說那就去啊 反正明天再說 風吹過來 有一點涼 人很多 我們慢慢晃 你問我 明天會不會累 我說應該會 但現在先不管 星期日晚上 我們去逛夜市吧 吃一點鹹的 再喝一杯奶茶 明天星期一 又要開始上班啦 那就趁今晚 把快樂存一下 星期日晚上 人群亮得像星光 你走在我旁邊 我突然覺得 明天也沒有那麼可怕 雞排有點太油 但還是吃完了 你說最近變胖 我說哪有啦 套圈圈又沒中 老闆笑得很開心 我們花了兩百塊 買一個沒用的東西 走到最後一攤 你突然說肚子餓 我看了一下時間 已經晚上十點多 明明明天星期一 還是決定再吃一口 人生如果只剩工作 那也太可憐了吧 欸 明天的事情明天再想 報告明天再改 鬧鐘明天再響 今天先把這杯喝完 先把這條街走完 先把你逗笑 再回家 反正星期一 它不會因為我們害怕 就突然消失不見 所以算了吧 今天先好好活著 星期日晚上 我們去逛夜市吧 吃一點甜的 再買一杯豆花 明天星期一 又要開始忙啦 那就趁今晚 把快樂存一下 星期日晚上 霓虹燈照著你的臉 你笑著說晚安 我突然覺得 明天好像也可以撐過一天 回家的路上 你突然安靜了 我也沒有說話 只是陪你走著 街燈一盞一盞 慢慢經過我們 星期天就快結束了 但至少今天很完整 星期日晚上 最後再逛一下吧 就算明天星期一 也沒什麼大不了啦 星期日晚上 我們慢慢回家 把今天的快樂 放進明天的口袋 如果生活真的 有一點辛苦的話 至少每個星期天 我們還可以約好 去逛夜市吧 
星期日晚上 DO NOTHING 行不行 DO  NOT 給手抱緊 Do NOT somelike CHill 什麼都不想忙 明天又要早起 鬧鐘我六點半 想到這裡 心情突然有點煩 但今天還是今天 先不要想明天 換件舒服的衣服 出門走一圈 你說夜市有一家 新開的雞排 我說那就去啊 反正明天再說 風吹過來 有一點涼 人很多 我們慢慢晃 你問我 明天會不會累 我說應該會 但現在先不管 星期日晚上 我們去逛夜市吧 吃一點鹹的 再喝一杯奶茶 明天星期一 又要開始上班啦 那就趁今晚 把快樂存一下 星期日晚上 人群亮得像星光 你走在我旁邊 我突然覺得 明天也沒有那麼可怕 雞排有點太油 但還是吃完了 你說最近變胖 我說哪有啦 套圈圈又沒中 老闆笑得很開心 我們花了兩百塊 買一個沒用的東西 走到最後一攤 你突然說肚子餓 我看了一下時間 已經晚上十點多 明明明天星期一 還是決定再吃一口 人生如果只剩工作 那也太可憐了吧 欸 明天的事情明天再想 報告明天再改 鬧鐘明天再響 今天先把這杯喝完 先把這條街走完 先把你逗笑 再回家 反正星期一 它不會因為我們害怕 就突然消失不見 所以算了吧 今天先好好活著 星期日晚上 我們去逛夜市吧 吃一點甜的 再買一杯豆花
明天星期一 又要開始忙啦 那就趁今晚 把快樂存一下 星期日晚上 霓虹燈照著你的臉 你笑著說晚安 我突然覺得 明天好像也可以撐過一天 回家的路上 你突然安靜了 我也沒有說話 只是陪你走著 街燈一盞一盞 慢慢經過我們 星期天就快結束了 但至少今天很完整 星期日晚上 最後再逛一下吧 就算明天星期一 也沒什麼大不了啦 星期日晚上 我們慢慢回家 把今天的快樂 放進明天的口袋 如果生活真的 有一點辛苦的話 至少每個星期天 我們還可以約好 去逛夜市吧
留言（ 26 ） 最相關留言 所有留言
留言（ 26 ）",2026-08-09,,AI 協作 Experimental,False,False,
2026-08-23 06:53:30,realtime,explore,,,38,羽毛（うもう/罪の羽）,【UTAUカバー】奈落の花【AMI（表＆裏）】,1,16,0,https://streetvoice.com/feather_lin/songs/874226/,https://streetvoice.com/feather_lin/,"https://akstatic.streetvoice.com/profile_images/fe/at/feather_lin/GrMUCLiEmDZ6p3T9Qu2MAB.jpeg?x-oss-process=image/resize,m_fixed,h_1,w_1,limit_0/resize,m_fixed,h_630,w_1200,limit_0/watermark,image_cHJvZmlsZV9pbWFnZXMvZmUvYXQvZmVhdGhlcl9saW4vR3JNVUNMaUVtRFo2cDNUOVF1Mk1BQi5qcGVnP3gtb3NzLXByb2Nlc3M9aW1hZ2UvcmVzaXplLG1fZml4ZWQsaF8zNDQsd18zNDQsbGltaXRfMA,g_nw,x_428,y_143/watermark,image_YXNzZXQvaW1hZ2VzL21ldGFpbWFnZS1zb25nLnBuZw,g_nw,x_0,y_0",images/874226.jpeg,@feather_lin,音樂人,,,,44,9,9,,,https://www.youtube.com/user/StreetVoiceTV,,,ACG,,,,"Original：島みやえい子 UST：SkyIsland21 Edit：羽毛 Vocal：AMI（表＆裏） 
Original：島みやえい子 UST：SkyIsland21 Edit：羽毛 Vocal：AMI（表＆裏）","這是沒有提供歌詞的歌曲
留言（ 0 ） 最相關留言 所有留言
留言（ 0 ）",2026-08-12,,AI 協作 ACG,False,False,
2026-08-23 06:53:30,realtime,explore,,,39,soothemily,Alcoholic,21,2163,3,https://streetvoice.com/soothemily/songs/871006/,https://streetvoice.com/soothemily/,"https://akstatic.streetvoice.com/song_covers/so/ot/soothemily/2Z9fTScad6nxFU6LrtUsFB.jpeg?x-oss-process=image/resize,m_fixed,h_1,w_1,limit_0/resize,m_fixed,h_630,w_1200,limit_0/watermark,image_c29uZ19jb3ZlcnMvc28vb3Qvc29vdGhlbWlseS8yWjlmVFNjYWQ2bnhGVTZMcnRVc0ZCLmpwZWc_eC1vc3MtcHJvY2Vzcz1pbWFnZS9yZXNpemUsbV9maXhlZCxoXzM0NCx3XzM0NCxsaW1pdF8w,g_nw,x_428,y_143/watermark,image_YXNzZXQvaW1hZ2VzL21ldGFpbWFnZS1zb25nLnBuZw,g_nw,x_0,y_0",images/871006.jpeg,@soothemily,音樂人,台北市,2020-10-01,,11,8,5,,,https://www.youtube.com/user/StreetVoiceTV,,,Experimental,CONEHEAD X SOOTHEMILY,https://streetvoice.com/soothemily/songs/album/97325755/,Conehead 錐頭,"這首歌比起歌詞破碎的內容，更多是我在嘗試，用這種晃蕩晃蕩的語氣，是否可以唱進去Beat裏面，因為有一點點不確定感，所以也錄得比較小聲ＸＤ當成是個小實驗與大家分享～～ 
這首歌比起歌詞破碎的內容，更多是我在嘗試，用這種晃蕩晃蕩的語氣，是否可以唱進去Beat裏面，因為有一點點不確定感，所以也錄得比較小聲ＸＤ當成是個小實驗與大家分享～～","I’m far from a perfectionist 我可不是什麼完美主義者 As you said tomorrow’s not promised 就像你知道，你說明日不是必然 There’s no irritation from the ethics 那兒沒有所謂因道德而激起的情緒 For God’s love is massive 因為 神比我們想得還寬廣 No, he doesn’t mean to be alcholic 不不，他不是真的酒精成癮 Just the pain under skin that stings 而是那在皮膚之下叮咬般的刺痛作用著 Oh, the noise that annoys me 噢，那惹惱我的雜音呀 Take my flesh then 取去我的肉身隨你 Let my spirit glow 讓我的靈魂來發光吧 Don’t judge, respect, 不評斷，尊重 Therefore, love never ends 因此，愛永不止息 Corsage, well-dressed 胸花，正裝 I’m here for you, don’t be a guest 我是為了你而來，就別見外了 beatmaker - Conehead song writing by soothemily conehead:   / coneheadsthought soothemily:   / soothemily 
I’m far from a perfectionist 我可不是什麼完美主義者 As you said tomorrow’s not promised 就像你知道，你說明日不是必然 There’s no irritation from the ethics 那兒沒有所謂因道德而激起的情緒 For God’s love is massive 因為 神比我們想得還寬廣
No, he doesn’t mean to be alcholic 不不，他不是真的酒精成癮 Just the pain under skin that stings 而是那在皮膚之下叮咬般的刺痛作用著 Oh, the noise that annoys me 噢，那惹惱我的雜音呀 Take my flesh then 取去我的肉身隨你 Let my spirit glow 讓我的靈魂來發光吧
Don’t judge, respect, 不評斷，尊重 Therefore, love never ends 因此，愛永不止息 Corsage, well-dressed 胸花，正裝 I’m here for you, don’t be a guest 我是為了你而來，就別見外了
beatmaker - Conehead song writing by soothemily conehead:   / coneheadsthought soothemily:   / soothemily
留言（ 3 ） 最相關留言 所有留言
留言（ 3 ）",2026-07-25,,達人推薦; 編輯推薦,True,False,https://streetvoice.com/soothemily/songs/871006/critic_reviews/
2026-08-23 06:53:30,realtime,explore,,,40,羽毛（うもう/罪の羽）,【UTAUカバー】モザイクロール（Reloaded）【羽音ツカサ Rusty CVVC】,1,36,0,https://streetvoice.com/feather_lin/songs/874061/,https://streetvoice.com/feather_lin/,"https://akstatic.streetvoice.com/profile_images/fe/at/feather_lin/GrMUCLiEmDZ6p3T9Qu2MAB.jpeg?x-oss-process=image/resize,m_fixed,h_1,w_1,limit_0/resize,m_fixed,h_630,w_1200,limit_0/watermark,image_cHJvZmlsZV9pbWFnZXMvZmUvYXQvZmVhdGhlcl9saW4vR3JNVUNMaUVtRFo2cDNUOVF1Mk1BQi5qcGVnP3gtb3NzLXByb2Nlc3M9aW1hZ2UvcmVzaXplLG1fZml4ZWQsaF8zNDQsd18zNDQsbGltaXRfMA,g_nw,x_428,y_143/watermark,image_YXNzZXQvaW1hZ2VzL21ldGFpbWFnZS1zb25nLnBuZw,g_nw,x_0,y_0",images/874061.jpeg,@feather_lin,音樂人,,,,44,9,9,,,https://www.youtube.com/user/StreetVoiceTV,,,ACG,,,,"Original：DECO*27 UST：Narzum Edit：羽毛 Vocal：羽音ツカサ Rusty CVVC 
Original：DECO*27 UST：Narzum Edit：羽毛 Vocal：羽音ツカサ Rusty CVVC","這是沒有提供歌詞的歌曲
留言（ 0 ） 最相關留言 所有留言
留言（ 0 ）",2026-08-11,,AI 協作 ACG,False,False,
2026-08-23 06:53:30,realtime,explore,,,41,羽毛（うもう/罪の羽）,【UTAUカバー】 夜に駆ける【浅色ラン】,1,19,0,https://streetvoice.com/feather_lin/songs/873899/,https://streetvoice.com/feather_lin/,"https://akstatic.streetvoice.com/profile_images/fe/at/feather_lin/GrMUCLiEmDZ6p3T9Qu2MAB.jpeg?x-oss-process=image/resize,m_fixed,h_1,w_1,limit_0/resize,m_fixed,h_630,w_1200,limit_0/watermark,image_cHJvZmlsZV9pbWFnZXMvZmUvYXQvZmVhdGhlcl9saW4vR3JNVUNMaUVtRFo2cDNUOVF1Mk1BQi5qcGVnP3gtb3NzLXByb2Nlc3M9aW1hZ2UvcmVzaXplLG1fZml4ZWQsaF8zNDQsd18zNDQsbGltaXRfMA,g_nw,x_428,y_143/watermark,image_YXNzZXQvaW1hZ2VzL21ldGFpbWFnZS1zb25nLnBuZw,g_nw,x_0,y_0",images/873899.jpeg,@feather_lin,音樂人,,,,44,9,9,,,https://www.youtube.com/user/StreetVoiceTV,,,ACG,,,,"Original：YOASOBI midi：mihoutao UST：minamikoni Edit：羽毛 Vocal：浅色ラン 
Original：YOASOBI midi：mihoutao UST：minamikoni Edit：羽毛 Vocal：浅色ラン","這是沒有提供歌詞的歌曲
留言（ 0 ） 最相關留言 所有留言
留言（ 0 ）",2026-08-10,,AI 協作 ACG,False,False,
2026-08-23 06:53:30,realtime,explore,,,42,soothemily,逢九不過,2,198,0,https://streetvoice.com/soothemily/songs/872505/,https://streetvoice.com/soothemily/,"https://akstatic.streetvoice.com/music_albums/so/ot/soothemily/T6LBr9C7quyPfgwkXRvWiJ.jpeg?x-oss-process=image/resize,m_fixed,h_1,w_1,limit_0/resize,m_fixed,h_630,w_1200,limit_0/watermark,image_bXVzaWNfYWxidW1zL3NvL290L3Nvb3RoZW1pbHkvVDZMQnI5QzdxdXlQZmd3a1hSdldpSi5qcGVnP3gtb3NzLXByb2Nlc3M9aW1hZ2UvcmVzaXplLG1fZml4ZWQsaF8zNDQsd18zNDQsbGltaXRfMA,g_nw,x_428,y_143/watermark,image_YXNzZXQvaW1hZ2VzL21ldGFpbWFnZS1zb25nLnBuZw,g_nw,x_0,y_0",images/872505.jpeg,@soothemily,音樂人,台北市,2020-10-01,,11,8,5,,,https://www.youtube.com/user/StreetVoiceTV,,,Experimental,CONEHEAD X SOOTHEMILY,https://streetvoice.com/soothemily/songs/album/97325755/,Conehead 錐頭,"這首歌的Beat跟Turtledove一樣由錐頭取樣自我原有的作品，我在寫那首歌時，剛好是29歲，有天跟山友（大學同學）約好要上山，卻在半路上出了大車禍，瞬間兩人就一起跟死亡擦邊了，但奇怪的是我並不覺得驚險，直到後續症狀出來，發現手有點失去力氣，想到可能再也不能碰樂器才開始難過，不過後來都康復了。 只是山友後來還是持續它的高風險登山挑戰，持續聽到他身邊的人意外離世等等的，讓我想起車禍當時我也夢到我自殺去世的音樂夥伴出了車禍在哭，我因為自己在現實中也出了車禍所以終於有能力去安撫他，也才終於離開了他的車禍現場重新出發自己的路。因此寫下這首歌詞。 這首原版的作品遲遲還沒有錄音～～ˊwˋ 努力中！ 
這首歌的Beat跟Turtledove一樣由錐頭取樣自我原有的作品，我在寫那首歌時，剛好是29歲，有天跟山友（大學同學）約好要上山，卻在半路上出了大車禍，瞬間兩人就一起跟死亡擦邊了，但奇怪的是我並不覺得驚險，直到後續症狀出來，發現手有點失去力氣，想到可能再也不能碰樂器才開始難過，不過後來都康復了。
只是山友後來還是持續它的高風險登山挑戰，持續聽到他身邊的人意外離世等等的，讓我想起車禍當時我也夢到我自殺去世的音樂夥伴出了車禍在哭，我因為自己在現實中也出了車禍所以終於有能力去安撫他，也才終於離開了他的車禍現場重新出發自己的路。因此寫下這首歌詞。
這首原版的作品遲遲還沒有錄音～～ˊwˋ 努力中！","人們總說 生日逢九就不過 而我一首歌則寫到生死關頭 風和日麗 相談要奮力一搏 就錯把音量當方向盤向左 在彎路。上坡翻了跟斗。 在人生道路。瞬間停泊 被迫。重現生命的。輕薄 救命繩索能繫著兩個山友 若你摔落我必須反向要你存活 台北首都你回家總像作客 河濱橋墩下慢跑著歲月乾涸 在彎路。上坡翻了跟斗。 在人生道路。瞬間停泊 安撫。重新出發的。清澈 
人們總說 生日逢九就不過 而我一首歌則寫到生死關頭
風和日麗 相談要奮力一搏 就錯把音量當方向盤向左
在彎路。上坡翻了跟斗。 在人生道路。瞬間停泊 被迫。重現生命的。輕薄
救命繩索能繫著兩個山友 若你摔落我必須反向要你存活
台北首都你回家總像作客 河濱橋墩下慢跑著歲月乾涸
在彎路。上坡翻了跟斗。 在人生道路。瞬間停泊 安撫。重新出發的。清澈
留言（ 0 ） 最相關留言 所有留言
留言（ 0 ）",2026-08-02,,編輯推薦,True,False,
2026-08-23 06:53:30,realtime,explore,,,43,soothemily,Turtledove,2,309,0,https://streetvoice.com/soothemily/songs/872180/,https://streetvoice.com/soothemily/,"https://akstatic.streetvoice.com/music_albums/so/ot/soothemily/T6LBr9C7quyPfgwkXRvWiJ.jpeg?x-oss-process=image/resize,m_fixed,h_1,w_1,limit_0/resize,m_fixed,h_630,w_1200,limit_0/watermark,image_bXVzaWNfYWxidW1zL3NvL290L3Nvb3RoZW1pbHkvVDZMQnI5QzdxdXlQZmd3a1hSdldpSi5qcGVnP3gtb3NzLXByb2Nlc3M9aW1hZ2UvcmVzaXplLG1fZml4ZWQsaF8zNDQsd18zNDQsbGltaXRfMA,g_nw,x_428,y_143/watermark,image_YXNzZXQvaW1hZ2VzL21ldGFpbWFnZS1zb25nLnBuZw,g_nw,x_0,y_0",images/872180.jpeg,@soothemily,音樂人,台北市,2020-10-01,,11,8,5,,,https://www.youtube.com/user/StreetVoiceTV,,,Experimental,CONEHEAD X SOOTHEMILY,https://streetvoice.com/soothemily/songs/album/97325755/,Conehead 錐頭,"這首歌曲的beat取樣來自我的另一首歌叫做〔斑鳩(搬家)計畫〕原本是繁複的電吉他和聲loop，被錐頭精妙重組~所以我也故意唱了一小段原版的中文段落進去~ p.s. 斑鳩（搬家）計畫在這邊： https://streetvoice.com/soothemily/songs/872414/ ＸＤＤＤ 
這首歌曲的beat取樣來自我的另一首歌叫做〔斑鳩(搬家)計畫〕原本是繁複的電吉他和聲loop，被錐頭精妙重組~所以我也故意唱了一小段原版的中文段落進去~ p.s. 斑鳩（搬家）計畫在這邊： https://streetvoice.com/soothemily/songs/872414/
https://streetvoice.com/soothemily/songs/872414/
ＸＤＤＤ","If it takes a decade to build an ark 如果建造一座方舟需要十年 Then how long has it been 那麼對你來說這時間有多長 If you see me from above? 若你從高處看著我 Bunches of things I've come across 我經歷了好多好多好多 Made vows to you 曾與你約定誓言 Wanna dance a valse with you 只想與你跳一首華爾滋 There must be something wonderous 那肯定會是非常奇妙美好的什麼什麼 You don't give me what I expect 你給我的不是我所期盼的 You practice what life means instead 而是實踐了生命的意義 For what I expect might crumble fast 因為我所期盼的可能是那些很短暫的事物 So we just walked down the path 所以我們一起走上那條小徑 Hand in hand 手牽著手 走進城市的雜亂 擁抱這世界的不美滿 I'll take all of these 我會擔負起這一切 Where we're gazing on the same thing 在我們凝視著合一的目標之處 Not me... 而非我呀.. 
If it takes a decade to build an ark 如果建造一座方舟需要十年 Then how long has it been 那麼對你來說這時間有多長 If you see me from above? 若你從高處看著我
Bunches of things I've come across 我經歷了好多好多好多 Made vows to you 曾與你約定誓言 Wanna dance a valse with you 只想與你跳一首華爾滋 There must be something wonderous 那肯定會是非常奇妙美好的什麼什麼
You don't give me what I expect 你給我的不是我所期盼的 You practice what life means instead 而是實踐了生命的意義 For what I expect might crumble fast 因為我所期盼的可能是那些很短暫的事物 So we just walked down the path 所以我們一起走上那條小徑 Hand in hand 手牽著手
走進城市的雜亂 擁抱這世界的不美滿 I'll take all of these 我會擔負起這一切 Where we're gazing on the same thing 在我們凝視著合一的目標之處 Not me... 而非我呀..
留言（ 0 ） 最相關留言 所有留言
留言（ 0 ）",2026-07-31,,編輯推薦,True,False,
2026-08-23 06:53:30,realtime,explore,,,44,SuFu,Nomadic Festival ft.YTLo,4,174,0,https://streetvoice.com/SuFu_project/songs/842522/,https://streetvoice.com/SuFu_project/,"https://akstatic.streetvoice.com/song_covers/Su/Fu/SuFu_project/bQt8VJduLmKHK4ht3TrHpe.jpeg?x-oss-process=image/resize,m_fixed,h_1,w_1,limit_0/resize,m_fixed,h_630,w_1200,limit_0/watermark,image_c29uZ19jb3ZlcnMvU3UvRnUvU3VGdV9wcm9qZWN0L2JRdDhWSmR1TG1LSEs0aHQzVHJIcGUuanBlZz94LW9zcy1wcm9jZXNzPWltYWdlL3Jlc2l6ZSxtX2ZpeGVkLGhfMzQ0LHdfMzQ0LGxpbWl0XzA,g_nw,x_428,y_143/watermark,image_YXNzZXQvaW1hZ2VzL21ldGFpbWFnZS1zb25nLnBuZw,g_nw,x_0,y_0",images/842522.jpeg,@SuFu_project,音樂人,台灣,2025-10-01,,1,2,,,,https://www.youtube.com/user/StreetVoiceTV,115年流行音樂製作發行補助案「創作樂團類」獲補助名單公布|||https://blow.streetvoice.com/89148/?utm_source=streetvoice&utm_medium=profile-news-block; 【StreetVoice新歌週報】珂拉琪衝撞街聲創新紀錄 血肉果汁機GIGO單飛發新曲|||https://blow.streetvoice.com/58307/?utm_source=streetvoice&utm_medium=profile-news-block; 【StreetVoice新歌週報】持修、YELLOW黃宣、百合花⋯⋯十二月新歌大爆炸！|||https://blow.streetvoice.com/58159/?utm_source=streetvoice&utm_medium=profile-news-block,,World,,,羅妍婷 YenTing Lo,"Nomadic Festival 遊牧共聚1-2 來自高雄的爵士創作歌手羅妍婷 🎤 🎹 羅妍婷 YenTing Lo 爵士創作歌手，喜歡樂理、語言，平時演出、寫歌，也開發遊戲。發行《葉片之上》、《Land forms》等多張專輯作品，新專輯也 coming soon！ YTLo: Nomadic Festival 實驗很好玩～ SU FU 兩位的表現工具都很多樣多變 下次想再多玩幾首😌 CFU: YTLo 對於旋律、和聲的融合度特別講究 和她一起創作時，就像是在調色盤上調色一樣 我們從存粹的人聲開始呈現出原曲旋律線條, 加上四分音符產生的自然律動 慢慢擴展，延伸出遊牧民族的色彩。 Sujong: YTLo很多idea，除了唱歌以外, 很會彈鋼琴,所以看到很多不同的合作可能, 聽了這個版本，我想起來在大草原叫羊群的畫面 哈哈哈，大自然感！ ———————————————————— SuFu project 由 CFU 和 Sujong 組成 遊牧共聚計劃第一季共7集 影片每週三於 SUFU project Youtube 以及 IG Reels 公開 每集邀請不同藝術家 實體聚在一起 在有限時間內 共同改編〈遊牧共聚 Nomadic Festival〉 下週見! 
Nomadic Festival 遊牧共聚1-2 來自高雄的爵士創作歌手羅妍婷 🎤 🎹 羅妍婷 YenTing Lo 爵士創作歌手，喜歡樂理、語言，平時演出、寫歌，也開發遊戲。發行《葉片之上》、《Land forms》等多張專輯作品，新專輯也 coming soon！
YTLo: Nomadic Festival 實驗很好玩～ SU FU 兩位的表現工具都很多樣多變 下次想再多玩幾首😌
CFU: YTLo 對於旋律、和聲的融合度特別講究 和她一起創作時，就像是在調色盤上調色一樣 我們從存粹的人聲開始呈現出原曲旋律線條, 加上四分音符產生的自然律動 慢慢擴展，延伸出遊牧民族的色彩。
Sujong: YTLo很多idea，除了唱歌以外, 很會彈鋼琴,所以看到很多不同的合作可能, 聽了這個版本，我想起來在大草原叫羊群的畫面 哈哈哈，大自然感！
————————————————————
SuFu project 由 CFU 和 Sujong 組成
遊牧共聚計劃第一季共7集 影片每週三於 SUFU project Youtube 以及 IG Reels 公開
每集邀請不同藝術家 實體聚在一起 在有限時間內 共同改編〈遊牧共聚 Nomadic Festival〉
下週見!","아이디어가 아주 많다 노래를 잘 하는거 외에 피아노도 잘 치기 때문에 다른 콜라보레이션이 많이 이루어질 가능성이 보인다 이 버전을 들었을때 나는 대초원에서 양때를 부르는 화면이 생각이 났다 ㅋㅋ대자연 느낌! 
아이디어가 아주 많다 노래를 잘 하는거 외에 피아노도 잘 치기 때문에 다른 콜라보레이션이 많이 이루어질 가능성이 보인다 이 버전을 들었을때 나는 대초원에서 양때를 부르는 화면이 생각이 났다 ㅋㅋ대자연 느낌!
留言（ 0 ） 最相關留言 所有留言
留言（ 0 ）",2026-01-14,,Song of the Day; 編輯推薦,True,True,
2026-08-23 06:53:30,realtime,explore,,,45,羅架許,袂閣等你Demo,7,1041,13,https://streetvoice.com/josh_lo/songs/872824/,https://streetvoice.com/josh_lo/,"https://akstatic.streetvoice.com/song_covers/jo/sh/josh_lo/c7G6fDGUV9X98Ft9b4GfbK.jpg?x-oss-process=image/resize,m_fixed,h_1,w_1,limit_0/resize,m_fixed,h_630,w_1200,limit_0/watermark,image_c29uZ19jb3ZlcnMvam8vc2gvam9zaF9sby9jN0c2ZkRHVVY5WDk4RnQ5YjRHZmJLLmpwZz94LW9zcy1wcm9jZXNzPWltYWdlL3Jlc2l6ZSxtX2ZpeGVkLGhfMzQ0LHdfMzQ0LGxpbWl0XzA,g_nw,x_428,y_143/watermark,image_YXNzZXQvaW1hZ2VzL21ldGFpbWFnZS1zb25nLnBuZw,g_nw,x_0,y_0",images/872824.jpg,@josh_lo,音樂人,日本,2016-09-01,2024-10-17 13:45,10,48,30,,,https://www.youtube.com/user/StreetVoiceTV,,,Experimental,,,,"《袂閣等你》 這首歌寫的， 而是一個人等了很久， 等一句道歉，等一個人回頭， 也等一個已經不可能再回來的故事。 這首歌用台語寫，是因為台語有一種很特別的重量。那些說不出口的遺憾、心酸和不甘，換成台語唱出來，好像更接近一個人真正的心聲。 我讓它不像一首單純的情歌，而比較像一個人在深夜裡，慢慢把自己的故事講完。 最後的「放過家己」，其實也是我想留給這首歌的一句話。 有些人，我們等了很久。 有些故事，我們也用了很久才願意結束。 而真正的放下，不一定是忘記一個人。 只是有一天，你終於決定—— 袂閣等你。 
《袂閣等你》
這首歌寫的， 而是一個人等了很久， 等一句道歉，等一個人回頭， 也等一個已經不可能再回來的故事。
這首歌用台語寫，是因為台語有一種很特別的重量。那些說不出口的遺憾、心酸和不甘，換成台語唱出來，好像更接近一個人真正的心聲。
我讓它不像一首單純的情歌，而比較像一個人在深夜裡，慢慢把自己的故事講完。
最後的「放過家己」，其實也是我想留給這首歌的一句話。
有些人，我們等了很久。 有些故事，我們也用了很久才願意結束。
而真正的放下，不一定是忘記一個人。
只是有一天，你終於決定——
袂閣等你。","動態歌詞
《袂閣等你》 彼工你講　欲陪我一世人 我嘛相信　你講的每一句話 誰知影　時間愈來愈久 你的人　嘛愈來愈遠 剩我一個　猶原守佇原位 窗仔外的雨　落袂停 親像我的心　無人借問 你若無愛　早就愛講明 何必乎我　等到心冷 我不是無想過 欲將你放袂記 只是感情這種代誌 愈想放手　愈放袂離 我袂閣等你 袂閣等你講對不起 你若真正愛過我 就毋免講傷濟 我袂閣等你 袂閣等你轉來我身邊 有一工你若想起我 嘛只是　想起咱彼段過去 彼條咱行過的街 如今我嘛無閣經過 驚看著　彼熟似的風景 想起彼時　你牽我的手 你講過的話 我一句一句記佇心內 你早就放袂記 我煞一直放袂落 原來愛一個人 毋是一定有結果 有時陣　咱付出全部 煞換來的只是放手 我不是無想過 欲再愛你一擺 只是咱的故事 已經寫袂出　新的未來 我袂閣等你 袂閣等你講對不起 你若真正愛過我 就毋免講傷濟 我袂閣等你 袂閣等你 返來我身邊 有一工你若想起我 嘛只是　想起咱彼段過去 若有一工　咱佇街仔路相逢 我希望　我已經笑得出來 毋是因為　我無愛你 是因為　我終於學會曉 先愛家己 我袂閣等你 這擺我真正袂閣等你 你的名　我猶原記得 只是心　已經無彼个位置 我袂閣等你 你嘛毋免閣返來找我 人生若像一齣戲 咱們這齣　到遮就好 你若問我　敢有後悔 我會講…… 不會。 毋過我上後悔的 是彼時的我 無早一點 放過家己 
《袂閣等你》 彼工你講　欲陪我一世人 我嘛相信　你講的每一句話 誰知影　時間愈來愈久 你的人　嘛愈來愈遠 剩我一個　猶原守佇原位 窗仔外的雨　落袂停 親像我的心　無人借問 你若無愛　早就愛講明 何必乎我　等到心冷 我不是無想過 欲將你放袂記 只是感情這種代誌 愈想放手　愈放袂離 我袂閣等你 袂閣等你講對不起 你若真正愛過我 就毋免講傷濟 我袂閣等你 袂閣等你轉來我身邊 有一工你若想起我 嘛只是　想起咱彼段過去 彼條咱行過的街 如今我嘛無閣經過 驚看著　彼熟似的風景 想起彼時　你牽我的手 你講過的話 我一句一句記佇心內 你早就放袂記 我煞一直放袂落 原來愛一個人 毋是一定有結果 有時陣　咱付出全部 煞換來的只是放手 我不是無想過 欲再愛你一擺 只是咱的故事 已經寫袂出　新的未來 我袂閣等你 袂閣等你講對不起 你若真正愛過我 就毋免講傷濟 我袂閣等你 袂閣等你 返來我身邊 有一工你若想起我 嘛只是　想起咱彼段過去 若有一工　咱佇街仔路相逢 我希望　我已經笑得出來 毋是因為　我無愛你 是因為　我終於學會曉 先愛家己 我袂閣等你 這擺我真正袂閣等你 你的名　我猶原記得 只是心　已經無彼个位置 我袂閣等你 你嘛毋免閣返來找我 人生若像一齣戲 咱們這齣　到遮就好 你若問我　敢有後悔 我會講……
不會。
毋過我上後悔的 是彼時的我 無早一點 放過家己
留言（ 13 ） 最相關留言 所有留言
留言（ 13 ）",2026-08-04,,AI 協作 Experimental,False,False,
2026-08-23 06:53:30,realtime,explore,,,46,李敏哲,我們屬於泥土,6,486,11,https://streetvoice.com/minzer_c_lee/songs/872875/,https://streetvoice.com/minzer_c_lee/,"https://akstatic.streetvoice.com/song_covers/mi/nz/minzer_c_lee/kv4TSMFBztf9yJMY5M8SvG.jpeg?x-oss-process=image/resize,m_fixed,h_1,w_1,limit_0/resize,m_fixed,h_630,w_1200,limit_0/watermark,image_c29uZ19jb3ZlcnMvbWkvbnovbWluemVyX2NfbGVlL2t2NFRTTUZCenRmOXlKTVk1TThTdkcuanBlZz94LW9zcy1wcm9jZXNzPWltYWdlL3Jlc2l6ZSxtX2ZpeGVkLGhfMzQ0LHdfMzQ0LGxpbWl0XzA,g_nw,x_428,y_143/watermark,image_YXNzZXQvaW1hZ2VzL21ldGFpbWFnZS1zb25nLnBuZw,g_nw,x_0,y_0",images/872875.jpeg,@minzer_c_lee,音樂人,,,,16,30,42,,,https://www.youtube.com/user/StreetVoiceTV,,,World,,,雷克非 Christopher R、RistyK,"屬於泥士 《我們屬於泥士》是李敏哲、雷克非與小小共同完成的一首作品。 它以人聲作為最主要的質地，從河流、山林、風與雨的意象出發，唱出人並不擁有土地，而只是短暫地被土地承接。 歌聲高低交疊、由一人而眾人，像呼吸、步伐與回聲，慢慢聚成屬於自然的共鳴。 這不是關於征服的歌，而是一首學著謙卑、感謝與歸返的歌。 
屬於泥士
《我們屬於泥士》是李敏哲、雷克非與小小共同完成的一首作品。 它以人聲作為最主要的質地，從河流、山林、風與雨的意象出發，唱出人並不擁有土地，而只是短暫地被土地承接。 歌聲高低交疊、由一人而眾人，像呼吸、步伐與回聲，慢慢聚成屬於自然的共鳴。 這不是關於征服的歌，而是一首學著謙卑、感謝與歸返的歌。","在我們來以前， 河流早已穿過石頭， 慢慢走出自己的路。 在我們為山命名以前， 雲已越過山頭， 雨已落進泥土。 我們來在水之後， 來在森林之後。 沿著前人的腳步， 才認得回家的路。 看見草木開花， 才知道季節眷顧。 田野從不高聲說話， 卻記得每一雙手。 森林從不問你是誰， 只把樹蔭留在身後。 留一些水在河流， 給下游的人慢慢走。 留一些果實在枝頭， 給後來的鳥停留。 乾風吹來的時候， 讓根還留在泥土。 天色暗下來以後， 火邊還有人等候。 我們不在土地之上。 我們受它的保護。 喝的是它的水， 走的是它的路， 最後也回到泥土。 雨落在葉上， 葉落回土壤。 葉落回土壤。 土壤抱住種子， 種子落進手掌。 一代接著一代， 沒有誰真的離開。 我們從土地而來， 也在土地上等待。 我們帶走的， 不能多過 土地還能掌出的。 我們口中說的「我的」， 在父輩以前就在， 在名字消失以後， 仍會留下來。 走過這片土地， 別讓腳步太重。 喝過這一道河流， 別讓水聲停住。 摘下枝頭的果實， 也要留一些給樹。 蓋自己的房屋， 別擋住風的路。 今夜我們感謝， 不是因為土地屬於誰， 而是短短一生裡， 它讓我們有一個歸屬。 河流還在走。 山還留在身後。 雨還會再來。 我們也會回頭。 
在我們來以前， 河流早已穿過石頭， 慢慢走出自己的路。 在我們為山命名以前， 雲已越過山頭， 雨已落進泥土。
我們來在水之後， 來在森林之後。 沿著前人的腳步， 才認得回家的路。 看見草木開花， 才知道季節眷顧。
田野從不高聲說話， 卻記得每一雙手。 森林從不問你是誰， 只把樹蔭留在身後。
留一些水在河流， 給下游的人慢慢走。 留一些果實在枝頭， 給後來的鳥停留。 乾風吹來的時候， 讓根還留在泥土。 天色暗下來以後， 火邊還有人等候。
我們不在土地之上。 我們受它的保護。 喝的是它的水， 走的是它的路， 最後也回到泥土。
雨落在葉上， 葉落回土壤。 葉落回土壤。 土壤抱住種子， 種子落進手掌。 一代接著一代， 沒有誰真的離開。 我們從土地而來， 也在土地上等待。
我們帶走的， 不能多過 土地還能掌出的。 我們口中說的「我的」， 在父輩以前就在， 在名字消失以後， 仍會留下來。
走過這片土地， 別讓腳步太重。 喝過這一道河流， 別讓水聲停住。 摘下枝頭的果實， 也要留一些給樹。 蓋自己的房屋， 別擋住風的路。
今夜我們感謝， 不是因為土地屬於誰， 而是短短一生裡， 它讓我們有一個歸屬。
河流還在走。 山還留在身後。 雨還會再來。 我們也會回頭。
留言（ 11 ） 最相關留言 所有留言
留言（ 11 ）",2026-08-04,,AI 協作 World,False,False,
2026-08-23 06:53:30,realtime,explore,,,47,Gz Wang,一秒のきらめき,3,26,0,https://streetvoice.com/falsedawn1220/songs/872871/,https://streetvoice.com/falsedawn1220/,"https://akstatic.streetvoice.com/song_covers/fa/ls/falsedawn1220/a9YRCuhhEWKhmKUgRKwHS8.jpeg?x-oss-process=image/resize,m_fixed,h_1,w_1,limit_0/resize,m_fixed,h_630,w_1200,limit_0/watermark,image_c29uZ19jb3ZlcnMvZmEvbHMvZmFsc2VkYXduMTIyMC9hOVlSQ3VoaEVXS2htS1VnUkt3SFM4LmpwZWc_eC1vc3MtcHJvY2Vzcz1pbWFnZS9yZXNpemUsbV9maXhlZCxoXzM0NCx3XzM0NCxsaW1pdF8w,g_nw,x_428,y_143/watermark,image_YXNzZXQvaW1hZ2VzL21ldGFpbWFnZS1zb25nLnBuZw,g_nw,x_0,y_0",images/872871.jpeg,@falsedawn1220,音樂人,台中市,2009-04-01,,10,18,3,,,https://www.youtube.com/user/StreetVoiceTV,2025金狼獎四月舉辦「MV新狼潮」活動 邀MV名導一盞、殷振豪、王孝玨、彭道森與歌手對談|||https://blow.streetvoice.com/79347/?utm_source=streetvoice&utm_medium=profile-news-block; 【年度回顧】就決定是你了！10組KOL的2025獨立新秀推薦卡牌|||https://blow.streetvoice.com/78080/?utm_source=streetvoice&utm_medium=profile-news-block; 2024年第15屆金音獎得獎名單出爐 大象體操獲得最佳樂團獎！|||https://blow.streetvoice.com/77166/?utm_source=streetvoice&utm_medium=profile-news-block,,ACG,,,,"呈現學生時代追求夢想、未來、與戀愛的活潑型態 
呈現學生時代追求夢想、未來、與戀愛的活潑型態","朝一番の風 ポケットではじける コンビニのガムみたい 昨日をぺりっと捨てて スニーカー鳴らして 角をひとつ曲がる まだ眠そうな街も 今日は味方でしょ ねえ、ちょっとだけ 目を合わせて 胸の奥で カウントダウン ほら、いけるでしょ 指先まで きらめく合図 届いてる Jump! Jump! いま Jump! 夢まで近い Jump! Jump! もっと Jump! 止まれない my heart Jump! Jump! いま Jump! 名前を呼んで Jump! Jump! もっと Jump! 君に飛びこむ ノートの隅っこに 描いた秘密の地図 丸い星のスタンプ 今日もひとつ増えた ハートが跳ねるたび 髪もリズムに揺れる こんなほのかな甘さ 背中を押してくる まだ足りないって 笑う顔で 次のドアを ノックしてる ほら、近づくよ 虹の向こう 私の声で 連れてくよ Jump! Jump! いま Jump! 夢まで近い Jump! Jump! もっと Jump! 止まれない my heart Jump! Jump! いま Jump! 名前を呼んで Jump! Jump! もっと Jump! 君に飛びこむ くるくる回る 未来のかけら ひとつ残らず 抱きしめたい せーので行こう 眩しい方へ 大丈夫 ここにいるよ Jump! Jump! いま Jump! 夢まで近い Jump! Jump! もっと Jump! 止まれない my heart Jump! Jump! いま Jump! 名前を呼んで Jump! Jump! もっと Jump! 君に飛びこむ Jump! Jump! いま Jump! 笑っていてね Jump! Jump! もっと Jump! ずっとそばで jump 
朝一番の風 ポケットではじける コンビニのガムみたい 昨日をぺりっと捨てて
スニーカー鳴らして 角をひとつ曲がる まだ眠そうな街も 今日は味方でしょ
ねえ、ちょっとだけ 目を合わせて 胸の奥で カウントダウン
ほら、いけるでしょ 指先まで きらめく合図 届いてる
Jump! Jump! いま Jump! 夢まで近い Jump! Jump! もっと Jump! 止まれない my heart
Jump! Jump! いま Jump! 名前を呼んで Jump! Jump! もっと Jump! 君に飛びこむ
ノートの隅っこに 描いた秘密の地図 丸い星のスタンプ 今日もひとつ増えた
ハートが跳ねるたび 髪もリズムに揺れる こんなほのかな甘さ 背中を押してくる
まだ足りないって 笑う顔で 次のドアを ノックしてる
ほら、近づくよ 虹の向こう 私の声で 連れてくよ
Jump! Jump! いま Jump! 夢まで近い Jump! Jump! もっと Jump! 止まれない my heart
Jump! Jump! いま Jump! 名前を呼んで Jump! Jump! もっと Jump! 君に飛びこむ
くるくる回る 未来のかけら ひとつ残らず 抱きしめたい
せーので行こう 眩しい方へ 大丈夫 ここにいるよ
Jump! Jump! いま Jump! 夢まで近い Jump! Jump! もっと Jump! 止まれない my heart
Jump! Jump! いま Jump! 名前を呼んで Jump! Jump! もっと Jump! 君に飛びこむ
Jump! Jump! いま Jump! 笑っていてね Jump! Jump! もっと Jump! ずっとそばで jump
留言（ 0 ） 最相關留言 所有留言
留言（ 0 ）",2026-08-04,,,False,False,
2026-08-23 06:53:30,realtime,explore,,,48,陳修澤,在路上,1,35,0,https://streetvoice.com/desolatechen/songs/871099/,https://streetvoice.com/desolatechen/,"https://akstatic.streetvoice.com/music_albums/de/so/desolatechen/8UcJNGRmgePgAospzS8YMN.jpeg?x-oss-process=image/resize,m_fixed,h_1,w_1,limit_0/resize,m_fixed,h_630,w_1200,limit_0/watermark,image_bXVzaWNfYWxidW1zL2RlL3NvL2Rlc29sYXRlY2hlbi84VWNKTkdSbWdlUGdBb3NwelM4WU1OLmpwZWc_eC1vc3MtcHJvY2Vzcz1pbWFnZS9yZXNpemUsbV9maXhlZCxoXzM0NCx3XzM0NCxsaW1pdF8w,g_nw,x_428,y_143/watermark,image_YXNzZXQvaW1hZ2VzL21ldGFpbWFnZS1zb25nLnBuZw,g_nw,x_0,y_0",images/871099.jpeg,@desolatechen,音樂人,屏東縣,2006-04-01,2021-05-26 18:50,29,2410,55,,,https://www.youtube.com/user/StreetVoiceTV,「野地晃晃」串連野地方、肥頭音樂雙場館四舞台！2/15集結無妄合作社、Manic Sheep、陳修澤等20組台日樂團|||https://blow.streetvoice.com/78942/?utm_source=streetvoice&utm_medium=profile-news-block; 【StreetVoice新歌週報】Control T將悲傷化作夕陽美景 陳修澤沈澱之作上線|||https://blow.streetvoice.com/55665/?utm_source=streetvoice&utm_medium=profile-news-block; 【週五看MV】陳修澤以歌曲〈流星和願望〉鼓勵樂迷：自己是被人愛著的|||https://blow.streetvoice.com/55656/?utm_source=streetvoice&utm_medium=profile-news-block,,Soundtrack / New age,雨和森林,https://streetvoice.com/desolatechen/songs/album/97325760/,,"在路上 
在路上","在路上了  在路上了 雖然還有些疲倦和懶散 在路上了  在路上了 我正慢慢找自己的節奏 趕的話你可以先走 之後一定會在那裡碰頭 不用擔心我會寂寞 因為你知道  我愛你 在路上了  在路上了 你知道我比較容易累 在路上了  在路上了 也許我們一起先睡一會 
在路上了  在路上了 雖然還有些疲倦和懶散 在路上了  在路上了 我正慢慢找自己的節奏
趕的話你可以先走 之後一定會在那裡碰頭 不用擔心我會寂寞 因為你知道  我愛你
在路上了  在路上了 你知道我比較容易累 在路上了  在路上了 也許我們一起先睡一會
留言（ 0 ） 最相關留言 所有留言
留言（ 0 ）",2026-07-25,,編輯推薦,True,False,
2026-08-23 06:53:30,realtime,explore,,,49,南寧的獅子,二號出口,4,101,0,https://streetvoice.com/luojay13/songs/871132/,https://streetvoice.com/luojay13/,"https://akstatic.streetvoice.com/music_albums/lu/oj/luojay13/ekuPbQsy9gF4kHZ25CeCds.jpg?x-oss-process=image/resize,m_fixed,h_1,w_1,limit_0/resize,m_fixed,h_630,w_1200,limit_0/watermark,image_bXVzaWNfYWxidW1zL2x1L29qL2x1b2pheTEzL2VrdVBiUXN5OWdGNGtIWjI1Q2VDZHMuanBnP3gtb3NzLXByb2Nlc3M9aW1hZ2UvcmVzaXplLG1fZml4ZWQsaF8zNDQsd18zNDQsbGltaXRfMA,g_nw,x_428,y_143/watermark,image_YXNzZXQvaW1hZ2VzL21ldGFpbWFnZS1zb25nLnBuZw,g_nw,x_0,y_0",images/871132.jpg,@luojay13,音樂人,墨西哥,2025-12-01,,4,9,1,,,https://www.youtube.com/user/StreetVoiceTV,,,Experimental,去當兵,https://streetvoice.com/luojay13/songs/album/97325762/,吳尚杰JAYWU、HG,"二號出口，是新訓收假的集合地點，也是每個人從自由重新走回紀律的入口。看著熟悉的面孔再次集合，腳步越來越沉，腦中開始倒數下一次放假的日子。 
二號出口，是新訓收假的集合地點，也是每個人從自由重新走回紀律的入口。看著熟悉的面孔再次集合，腳步越來越沉，腦中開始倒數下一次放假的日子。","這是沒有提供歌詞的歌曲
留言（ 0 ） 最相關留言 所有留言
留言（ 0 ）",2026-07-26,,編輯推薦,True,False,
2026-08-23 06:53:30,realtime,explore,,,50,陳修澤,森林的夜晚,1,21,0,https://streetvoice.com/desolatechen/songs/871097/,https://streetvoice.com/desolatechen/,"https://akstatic.streetvoice.com/music_albums/de/so/desolatechen/8UcJNGRmgePgAospzS8YMN.jpeg?x-oss-process=image/resize,m_fixed,h_1,w_1,limit_0/resize,m_fixed,h_630,w_1200,limit_0/watermark,image_bXVzaWNfYWxidW1zL2RlL3NvL2Rlc29sYXRlY2hlbi84VWNKTkdSbWdlUGdBb3NwelM4WU1OLmpwZWc_eC1vc3MtcHJvY2Vzcz1pbWFnZS9yZXNpemUsbV9maXhlZCxoXzM0NCx3XzM0NCxsaW1pdF8w,g_nw,x_428,y_143/watermark,image_YXNzZXQvaW1hZ2VzL21ldGFpbWFnZS1zb25nLnBuZw,g_nw,x_0,y_0",images/871097.jpeg,@desolatechen,音樂人,屏東縣,2006-04-01,2021-05-26 18:50,29,2410,55,,,https://www.youtube.com/user/StreetVoiceTV,「野地晃晃」串連野地方、肥頭音樂雙場館四舞台！2/15集結無妄合作社、Manic Sheep、陳修澤等20組台日樂團|||https://blow.streetvoice.com/78942/?utm_source=streetvoice&utm_medium=profile-news-block; 【StreetVoice新歌週報】Control T將悲傷化作夕陽美景 陳修澤沈澱之作上線|||https://blow.streetvoice.com/55665/?utm_source=streetvoice&utm_medium=profile-news-block; 【週五看MV】陳修澤以歌曲〈流星和願望〉鼓勵樂迷：自己是被人愛著的|||https://blow.streetvoice.com/55656/?utm_source=streetvoice&utm_medium=profile-news-block,,Soundtrack / New age,雨和森林,https://streetvoice.com/desolatechen/songs/album/97325760/,,"森林的夜晚 
森林的夜晚","這是沒有提供歌詞的歌曲
留言（ 0 ） 最相關留言 所有留言
留言（ 0 ）",2026-07-25,,編輯推薦,True,False,
