snapshot_time,rank,artist_name,song_title,likes_count,play_count,comments_count,song_url,artist_url,cover_image_url,artist_handle,artist_identity,artist_city,artist_joined_date,artist_accredited_datetime,artist_music_count,artist_fans_count,artist_following_count,artist_facebook_url,artist_instagram_url,artist_youtube_url,genre,album_title,album_url,collaborators,description,lyrics,release_date,song_accredited_datetime,is_editor_recommended,is_song_of_the_day,critic_review_url
2026-07-27 04:16:23,1,,,17,1049,10,https://streetvoice.com/s8817012011/songs/869352/,https://streetvoice.com/s8817012011/,"https://akstatic.streetvoice.com/song_covers/s8/81/s8817012011/kebDX8bwYE5mh9MZp3UzJc.jpeg?x-oss-process=image/resize,m_fixed,h_1,w_1,limit_0/resize,m_fixed,h_630,w_1200,limit_0/watermark,image_c29uZ19jb3ZlcnMvczgvODEvczg4MTcwMTIwMTEva2ViRFg4YndZRTVtaDlNWnAzVXpKYy5qcGVnP3gtb3NzLXByb2Nlc3M9aW1hZ2UvcmVzaXplLG1fZml4ZWQsaF8zNDQsd18zNDQsbGltaXRfMA,g_nw,x_428,y_143/watermark,image_YXNzZXQvaW1hZ2VzL21ldGFpbWFnZS1zb25nLnBuZw,g_nw,x_0,y_0",@s8817012011,音樂人,台北市,2011-12-01,2021-09-27 15:35,7,74,2,https://www.facebook.com/theMetalspeaker/,https://instagram.com/themetalspeaker,https://youtube.com/channel/UCuzSxL_ns0uTJyx4xAZ5NWw,Rock,我的人生 Master of None,https://streetvoice.com/s8817012011/songs/album/97325613/,,"人生哪可能項項攏順勢。 失敗、孤獨、自我懷疑，都成為成長過程中的一部分。 真正的不在意，不是冷漠，而是經歷過很多事後，依然願意守住內心最初的夢。 「我的夢，一直攏底加。」 這句話，比任何豪言壯語都更加堅定。 有些人長大以後，早就迷失在這大人的世界裡。 而有些人，即使受傷、迷惘、跌跌撞撞，依然繼續往前走。 
人生哪可能項項攏順勢。 失敗、孤獨、自我懷疑，都成為成長過程中的一部分。 真正的不在意，不是冷漠，而是經歷過很多事後，依然願意守住內心最初的夢。 「我的夢，一直攏底加。」 這句話，比任何豪言壯語都更加堅定。 有些人長大以後，早就迷失在這大人的世界裡。 而有些人，即使受傷、迷惘、跌跌撞撞，依然繼續往前走。","其實我 常常夢見 彼段唔知啥叫憂愁的日子 後來我 戈洪叫醒 繼續一天一天傻傻過日子 但我漸漸了解 我愛的是什麼 我知我自己是一定不放棄 外面的風雨咖大我不在意 雖然這個過程傷透我欸心 但人生啊 哪有可能項項都順勢 我的夢 一直攏底加 今罵欸我 什麼攏不驚 其實我 常常夢見 彼段唔知啥叫憂愁的日子 後來我 戈洪叫醒 繼續一天一天傻傻過日子 但我漸漸了解 我愛的是什麼 我知我自己是一定不放棄 外面的風雨咖大我不在意 雖然這個過程傷透我欸心 但人生啊 哪有可能項項都順勢 我的夢 一直攏底加 今罵欸我 什麼攏不驚 不肯放過我自己 所以來開始問自己 到底這是啥意義 啊啊啊 彼段黑暗的日子 暫時攏麥擱再提起 欲出去 走找彼個流浪的心 我知我自己是一定不放棄 外面的風雨咖大我不在意 雖然這個過程傷透我欸心 但人生啊 哪有可能項項都順勢 我的夢 一直攏底加 今罵欸我 什麼攏不驚 
其實我 常常夢見 彼段唔知啥叫憂愁的日子 後來我 戈洪叫醒 繼續一天一天傻傻過日子 但我漸漸了解 我愛的是什麼
我知我自己是一定不放棄 外面的風雨咖大我不在意 雖然這個過程傷透我欸心 但人生啊 哪有可能項項都順勢 我的夢 一直攏底加 今罵欸我 什麼攏不驚
其實我 常常夢見 彼段唔知啥叫憂愁的日子 後來我 戈洪叫醒 繼續一天一天傻傻過日子 但我漸漸了解 我愛的是什麼
我知我自己是一定不放棄 外面的風雨咖大我不在意 雖然這個過程傷透我欸心 但人生啊 哪有可能項項都順勢 我的夢 一直攏底加 今罵欸我 什麼攏不驚
不肯放過我自己 所以來開始問自己 到底這是啥意義 啊啊啊 彼段黑暗的日子 暫時攏麥擱再提起 欲出去 走找彼個流浪的心
我知我自己是一定不放棄 外面的風雨咖大我不在意 雖然這個過程傷透我欸心 但人生啊 哪有可能項項都順勢 我的夢 一直攏底加 今罵欸我 什麼攏不驚
留言（ 10 ） 最相關留言 所有留言
留言（ 10 ）",2026-07-14,,True,True,https://streetvoice.com/s8817012011/songs/869352/critic_reviews/
2026-07-27 04:16:23,2,,,20,476,3,https://streetvoice.com/lucymeow/songs/869888/,https://streetvoice.com/lucymeow/,"https://akstatic.streetvoice.com/song_covers/lu/cy/lucymeow/ZNGfN8PgCB3jdwf5xUL85h.jpeg?x-oss-process=image/resize,m_fixed,h_1,w_1,limit_0/resize,m_fixed,h_630,w_1200,limit_0/watermark,image_c29uZ19jb3ZlcnMvbHUvY3kvbHVjeW1lb3cvWk5HZk44UGdDQjNqZHdmNXhVTDg1aC5qcGVnP3gtb3NzLXByb2Nlc3M9aW1hZ2UvcmVzaXplLG1fZml4ZWQsaF8zNDQsd18zNDQsbGltaXRfMA,g_nw,x_428,y_143/watermark,image_YXNzZXQvaW1hZ2VzL21ldGFpbWFnZS1zb25nLnBuZw,g_nw,x_0,y_0",@lucymeow,音樂人,桃園市,2020-10-01,,,,,https://www.facebook.com/Lucyfairygood,https://instagram.com/_lucyliao_,https://www.youtube.com/@LUCY-kc7zz,Singer / Songwriter,,,,"建立在令人起雞皮疙瘩的合成器聲響、深沉低頻與緩慢燃燒般的節奏之上，〈Looking at Me〉瀰漫著一種揮之不去的不安感。 這首歌取材自 LÜCY 過去生命中最黑暗的時期之一，穿梭於恐懼、記憶、自我認同，以及那種彷彿被注視著的詭異感受之間。 作詞 Lyricist｜LÜCY, Ben 作曲 Composer｜LÜCY, Eirik Hella 製作 Producer｜LÜCY, Eirik Hella 編曲 Arranger｜Eirik Hella 錄音工程師 Recording Engineer｜Eirik Hella, 邱建鈞 J-Jyun Ciou 混音工程師 Mixing Engineer｜Eirik Hella 母帶後期處理工程師 Mastering Engineer｜George Tanderø 
建立在令人起雞皮疙瘩的合成器聲響、深沉低頻與緩慢燃燒般的節奏之上，〈Looking at Me〉瀰漫著一種揮之不去的不安感。 這首歌取材自 LÜCY 過去生命中最黑暗的時期之一，穿梭於恐懼、記憶、自我認同，以及那種彷彿被注視著的詭異感受之間。
作詞 Lyricist｜LÜCY, Ben 作曲 Composer｜LÜCY, Eirik Hella 製作 Producer｜LÜCY, Eirik Hella 編曲 Arranger｜Eirik Hella 錄音工程師 Recording Engineer｜Eirik Hella, 邱建鈞 J-Jyun Ciou 混音工程師 Mixing Engineer｜Eirik Hella 母帶後期處理工程師 Mastering Engineer｜George Tanderø","First, tell me I am crazy Despite the love for you, can't keep on fighting I'm drowning in my dreams don't wake me up, wake me up I can't get up'cause they all looking at me I can't get up'cause they all looking at me This time you’re crazy, baby Someone without a name I can't keep on trying I'm drowning in my fears, in my tears Don't wake me up, wake me up I can't get help 'cause they all looking at me I can't get help 'cause they all looking at me I can't get help 'cause they all looking at me I can't get help 'cause they all looking at me 當全世界都看著我 翅膀它漸漸往上飛 我那顆心卻 掉啊 沉啊 讓懸崖接住我 是不是只要一跳躍下 我就會沒有重量 我又忘記吃飯了 恐懼包圍著我 我不想拿下耳機 我不想解釋 我不想笑得開心 我想要躲起來 為什麼不找工作 都閑閑沒事做 眼淚又開始失眠 Burning eyes in the night looking at me I can't get up 'cause they all looking at me I can't get up 'cause they all looking at me I can't get up 'cause they all looking at me Lucy, sing! 唱歌給我們聽 c’mon, just one song 你可以答應我27歲前先不要結婚嗎？ Lucy you will be rich you can have every bag you want trust me just don’t get pregnant haha… One single leap then I’ll be free oh nothing remains but me I cry and i pray but no one hears I’m weeping in my dream I can't get help 'cause they all looking at me I can't get help 'cause they all looking at me I can't get help 'cause they all looking at me I can’t get help so why you’re looking at me? 
First, tell me I am crazy Despite the love for you, can't keep on fighting I'm drowning in my dreams don't wake me up, wake me up I can't get up'cause they all looking at me I can't get up'cause they all looking at me
This time you’re crazy, baby Someone without a name I can't keep on trying I'm drowning in my fears, in my tears Don't wake me up, wake me up I can't get help 'cause they all looking at me I can't get help 'cause they all looking at me I can't get help 'cause they all looking at me I can't get help 'cause they all looking at me
當全世界都看著我 翅膀它漸漸往上飛 我那顆心卻 掉啊 沉啊 讓懸崖接住我
是不是只要一跳躍下 我就會沒有重量 我又忘記吃飯了 恐懼包圍著我
我不想拿下耳機 我不想解釋 我不想笑得開心 我想要躲起來
為什麼不找工作 都閑閑沒事做 眼淚又開始失眠 Burning eyes in the night looking at me I can't get up 'cause they all looking at me I can't get up 'cause they all looking at me I can't get up 'cause they all looking at me
Lucy, sing! 唱歌給我們聽 c’mon, just one song 你可以答應我27歲前先不要結婚嗎？ Lucy you will be rich you can have every bag you want trust me just don’t get pregnant haha…
One single leap then I’ll be free oh nothing remains but me I cry and i pray but no one hears I’m weeping in my dream
I can't get help 'cause they all looking at me I can't get help 'cause they all looking at me I can't get help 'cause they all looking at me I can’t get help so why you’re looking at me?
留言（ 3 ） 最相關留言 所有留言
留言（ 3 ）",2026-07-24,,True,False,https://streetvoice.com/lucymeow/songs/869888/critic_reviews/
2026-07-27 04:16:23,3,,,61,3555,18,https://streetvoice.com/alanchou12345/songs/867797/,https://streetvoice.com/alanchou12345/,"https://akstatic.streetvoice.com/song_covers/al/an/alanchou12345/Y4nZTaRGQvJAdXdvTGKcmr.jpeg?x-oss-process=image/resize,m_fixed,h_1,w_1,limit_0/resize,m_fixed,h_630,w_1200,limit_0/watermark,image_c29uZ19jb3ZlcnMvYWwvYW4vYWxhbmNob3UxMjM0NS9ZNG5aVGFSR1F2SkFkWGR2VEdLY21yLmpwZWc_eC1vc3MtcHJvY2Vzcz1pbWFnZS9yZXNpemUsbV9maXhlZCxoXzM0NCx3XzM0NCxsaW1pdF8w,g_nw,x_428,y_143/watermark,image_YXNzZXQvaW1hZ2VzL21ldGFpbWFnZS1zb25nLnBuZw,g_nw,x_0,y_0",@alanchou12345,音樂人,新北市,2019-03-01,2023-01-30 10:32,4,1298,,https://www.facebook.com/profile.php?id=100063938225158,https://www.instagram.com/ac___47/,https://www.youtube.com/@ac47yt,R&B / Soul,,,,"有沒有一種愛， 讓你願意跨越所有距離與考驗？ 「就算這世界對我針鋒相對，風再大、天再黑，我也不撤退。」 獻給每一個在深夜裡依然相信愛的所有存在， 〈漫漫長夜〉，蔓延日夜。 
有沒有一種愛， 讓你願意跨越所有距離與考驗？
「就算這世界對我針鋒相對，風再大、天再黑，我也不撤退。」
獻給每一個在深夜裡依然相信愛的所有存在，
〈漫漫長夜〉，蔓延日夜。","時間停止瞬間 別說話讓我收藏有關於你的一切 思緒像微風 在你身邊盤旋 不需言語我了解 總在夜深人靜 腦袋不自覺浮現你最美的笑臉 牽起我的手 趁夜沒發現 再讓我更靠近你一些些 在這漫漫長夜 讓我守護你身邊 day by day 把所有想像都實現 閉上你雙眼 你的愛我來擁有 漫漫長夜 讓我照亮你 每一天每一夜 我會在身邊 不要再懷疑 不要再後退 我只為你眷戀 就算這世界 對我針鋒相對 風再大 天再黑 我也不撤退 沒有誰能改變 我的心 讓愛蔓延在漫漫長夜 總在夜深人靜 腦袋不自覺浮現你最美的笑臉 牽起我的手 趁夜沒發現 再讓我更靠近你一些些 (靠近一些些) 在這漫漫長夜 讓我守護你身邊 day by day 把所有想像都實現 閉上你雙眼 (Oh babe) 你的愛我來擁有 漫漫長夜 讓我照亮你 每一天每一夜 我會在身邊 不要再懷疑 不要再後退 我只為你眷戀 就算這世界 對我針鋒相對 風再大 天再黑 我也不撤退 沒有誰能改變 我的心 讓愛蔓延在漫漫長夜 漫漫長夜 day by day 漫漫長夜 day by day 讓愛在漫漫長夜 
時間停止瞬間 別說話讓我收藏有關於你的一切 思緒像微風 在你身邊盤旋 不需言語我了解
總在夜深人靜 腦袋不自覺浮現你最美的笑臉 牽起我的手 趁夜沒發現 再讓我更靠近你一些些
在這漫漫長夜 讓我守護你身邊 day by day 把所有想像都實現 閉上你雙眼 你的愛我來擁有
漫漫長夜 讓我照亮你 每一天每一夜 我會在身邊 不要再懷疑 不要再後退 我只為你眷戀
就算這世界 對我針鋒相對 風再大 天再黑 我也不撤退 沒有誰能改變 我的心 讓愛蔓延在漫漫長夜
總在夜深人靜 腦袋不自覺浮現你最美的笑臉 牽起我的手 趁夜沒發現 再讓我更靠近你一些些 (靠近一些些)
在這漫漫長夜 讓我守護你身邊 day by day 把所有想像都實現 閉上你雙眼 (Oh babe) 你的愛我來擁有
漫漫長夜 讓我照亮你 每一天每一夜 我會在身邊 不要再懷疑 不要再後退 我只為你眷戀
就算這世界 對我針鋒相對 風再大 天再黑 我也不撤退 沒有誰能改變 我的心 讓愛蔓延在漫漫長夜
漫漫長夜 day by day 漫漫長夜 day by day 讓愛在漫漫長夜
留言（ 18 ） 最相關留言 所有留言
留言（ 18 ）",2026-07-06,,True,True,https://streetvoice.com/alanchou12345/songs/867797/critic_reviews/
2026-07-27 04:16:23,4,,,22,1738,5,https://streetvoice.com/Bella0110/songs/868215/,https://streetvoice.com/Bella0110/,"https://akstatic.streetvoice.com/song_covers/Be/ll/Bella0110/9pLjAQsB8JgKUARWtG26qZ.jpeg?x-oss-process=image/resize,m_fixed,h_1,w_1,limit_0/resize,m_fixed,h_630,w_1200,limit_0/watermark,image_c29uZ19jb3ZlcnMvQmUvbGwvQmVsbGEwMTEwLzlwTGpBUXNCOEpnS1VBUld0RzI2cVouanBlZz94LW9zcy1wcm9jZXNzPWltYWdlL3Jlc2l6ZSxtX2ZpeGVkLGhfMzQ0LHdfMzQ0LGxpbWl0XzA,g_nw,x_428,y_143/watermark,image_YXNzZXQvaW1hZ2VzL21ldGFpbWFnZS1zb25nLnBuZw,g_nw,x_0,y_0",@Bella0110,音樂人,,,,,7,1,,,https://www.youtube.com/user/StreetVoiceTV,Alternative,,,,"不可知的未來是一張網，用心思和精神細細編織，若是時間剛好，那屬於你的便會停留在網上成為繼續存活的養分，如果不是，那便會破壞這張網，甚至得要重來一遍，而最幸福的人終究會是享受一無所有的人。 
不可知的未來是一張網，用心思和精神細細編織，若是時間剛好，那屬於你的便會停留在網上成為繼續存活的養分，如果不是，那便會破壞這張網，甚至得要重來一遍，而最幸福的人終究會是享受一無所有的人。","We’re having too good a time today. We ain’t thinking about tomorrow. We can beat & beat till death Dancing on the dance floor like Mary Lou We don't really  know what happens next (having no purpose driving on the highway) Don't try to save me this is the way I see (on the road we beat and beat and beat till death) Spider is weaving a big web Wish and prepare  for the big time to become the dinner everything belongs to me because I'm poor 詞 / 曲： 李沐霏 主唱： 李沐霏 鍵盤 / 合成器： 東東 Sid 吉他： 曾程威 Eddie 貝斯： Roy 鼓手： 毛恩 
We’re having too good a time today. We ain’t thinking about tomorrow. We can beat & beat till death Dancing on the dance floor like Mary Lou
We don't really  know what happens next (having no purpose driving on the highway) Don't try to save me this is the way I see (on the road we beat and beat and beat till death) Spider is weaving a big web Wish and prepare  for the big time to become the dinner
everything belongs to me because I'm poor
詞 / 曲： 李沐霏 主唱： 李沐霏 鍵盤 / 合成器： 東東 Sid 吉他： 曾程威 Eddie 貝斯： Roy 鼓手： 毛恩
留言（ 5 ） 最相關留言 所有留言
留言（ 5 ）",2026-07-08,,True,True,https://streetvoice.com/Bella0110/songs/868215/critic_reviews/
2026-07-27 04:16:23,5,,,12,217,8,https://streetvoice.com/afterghost_/songs/871176/,https://streetvoice.com/afterghost_/,"https://akstatic.streetvoice.com/song_covers/af/te/afterghost_/CKqmwpfFEZ5mSqa9L5HDsd.jpeg?x-oss-process=image/resize,m_fixed,h_1,w_1,limit_0/resize,m_fixed,h_630,w_1200,limit_0/watermark,image_c29uZ19jb3ZlcnMvYWYvdGUvYWZ0ZXJnaG9zdF8vQ0txbXdwZkZFWjVtU3FhOUw1SERzZC5qcGVnP3gtb3NzLXByb2Nlc3M9aW1hZ2UvcmVzaXplLG1fZml4ZWQsaF8zNDQsd18zNDQsbGltaXRfMA,g_nw,x_428,y_143/watermark,image_YXNzZXQvaW1hZ2VzL21ldGFpbWFnZS1zb25nLnBuZw,g_nw,x_0,y_0",@afterghost_,音樂人,,,,,3,,,,https://www.youtube.com/user/StreetVoiceTV,Rock,,,,"賓：愛德華•艾路力克 璽：這首歌是我們現有的歌曲之中，創作過程最短，更是實質上第一首寫完的歌，對我而言象徵著午後幽靈的結成。演奏它的時刻總是精神抖擻，充滿喜悅～！ 晏：好可愛的歌 考慮到我已經超過20歲所以好像沒那麼可愛了 洪：謝謝大家陪我把歌生出來像養寶寶一樣 
賓：愛德華•艾路力克
璽：這首歌是我們現有的歌曲之中，創作過程最短，更是實質上第一首寫完的歌，對我而言象徵著午後幽靈的結成。演奏它的時刻總是精神抖擻，充滿喜悅～！
晏：好可愛的歌 考慮到我已經超過20歲所以好像沒那麼可愛了
洪：謝謝大家陪我把歌生出來像養寶寶一樣","在我的心中 整天不停 打架 矛盾的感覺 就像是耳邊的話 它挑釁著我的神經 其實我真心希望 什麼都不必在乎 只要能誠實的說出！ 在好的時候 恨不得原地 請你嫁給我 糟透的時候又 恨不得立刻滾蛋 我認輸 就這樣 讓矛盾打敗了我 它對我說 No one’s safe! No one’s safe! No one’s safe! 在這關係裡 
在我的心中 整天不停 打架 矛盾的感覺 就像是耳邊的話 它挑釁著我的神經 其實我真心希望 什麼都不必在乎 只要能誠實的說出！ 在好的時候 恨不得原地 請你嫁給我 糟透的時候又 恨不得立刻滾蛋 我認輸 就這樣 讓矛盾打敗了我 它對我說 No one’s safe! No one’s safe! No one’s safe! 在這關係裡
留言（ 8 ） 最相關留言 所有留言
留言（ 8 ）",2026-07-26,,False,False,
2026-07-27 04:16:23,6,,,3,81,2,https://streetvoice.com/huangdachien/songs/871018/,https://streetvoice.com/huangdachien/,"https://akstatic.streetvoice.com/song_covers/hu/an/huangdachien/fuiBNRmfSoKEmpmaZht8HT.jpeg?x-oss-process=image/resize,m_fixed,h_1,w_1,limit_0/resize,m_fixed,h_630,w_1200,limit_0/watermark,image_c29uZ19jb3ZlcnMvaHUvYW4vaHVhbmdkYWNoaWVuL2Z1aUJOUm1mU29LRW1wbWFaaHQ4SFQuanBlZz94LW9zcy1wcm9jZXNzPWltYWdlL3Jlc2l6ZSxtX2ZpeGVkLGhfMzQ0LHdfMzQ0LGxpbWl0XzA,g_nw,x_428,y_143/watermark,image_YXNzZXQvaW1hZ2VzL21ldGFpbWFnZS1zb25nLnBuZw,g_nw,x_0,y_0",@huangdachien,音樂人,,,,2,1262,,,,https://www.youtube.com/user/StreetVoiceTV,Hip hop / Rap,,,,,"立正 稍息 小心他在你隊伍裡 永遠聽不懂口令 無可救藥的中二病 最喜歡標新立異 什麼規矩 對他沒有意義 他就喜歡發表蠢問題 欸班長 我的槍不知道放到哪裡 下課後潑猴成群結隊 軍紀禮儀他學不會 舉槍三分鐘都嫌累 兵營搞得像是動物園 班長數到三 剛剛誰講話的舉手 你還真以為他會舉手？ 臉皮比鋼板還要厚 品行比床板還要破 腦洞最大的六洞勾 真想拿刺刀往你身上捅 鑒測 is a joke 裝個樣子都不會做 你問為什麼 因為他是媽的天兵 媽的天兵 腦袋打了鋼釘 出來發神經還不如躺在寢室裝病 煙蒂塞在花盆裡 自以為自己很聰明 出了社會你什麼都不行 腦袋太破你需要貼個補丁 媽的天兵 腦子傻不拎叮 出來少根筋 還不如滾回家裡待命 停止你犯蠢的小聰明 滾回你的天馬行星 報告班長他需要被隔離 他來這裡散播愚蠢的疾病 第三個禮拜 就開始裝病 裝睡的人叫不醒 班頭出列清查人數 怎麼還少個小迷糊 Where he go? I don’t know?? 可能躲在被窩 玩著床板下的iPhone 出事別想怪我 It ain’t my fault! 他在頂樓抽菸 還被班長發現 站在空地被訓誡 真是丟人現眼 行軍時蹣跚的腳步 打球前恢復神速 臉皮厚度突破大會紀錄 吃不了苦 他就是這麼荒謬 不要跟我裝熟 行進時不要跟我聊天 就你的腳在拖 害全隊又要重走一遍 真是他媽的浪費我的時間 也許是我太規矩 也許是班長太嚴厲 也許擺在對的地點他也能發揮潛力 每個人都有適合自己的環境 資收班出列 把他放到垃圾間 媽的天兵 腦袋打了鋼釘 出來發神經還不如躺在寢室裝病 煙蒂塞在花盆裡 自以為自己很聰明 出了社會你什麼都不行 腦袋太破你需要貼個補丁 媽的天兵 腦子傻不拎叮 出來少根筋 還不如滾回家裡待命 停止你犯蠢的小聰明 滾回你的天馬行星 報告班長他需要被隔離 他來這裡散播愚蠢的疾病 
立正 稍息 小心他在你隊伍裡 永遠聽不懂口令 無可救藥的中二病 最喜歡標新立異 什麼規矩 對他沒有意義 他就喜歡發表蠢問題 欸班長 我的槍不知道放到哪裡
下課後潑猴成群結隊 軍紀禮儀他學不會 舉槍三分鐘都嫌累 兵營搞得像是動物園
班長數到三 剛剛誰講話的舉手
你還真以為他會舉手？
臉皮比鋼板還要厚 品行比床板還要破 腦洞最大的六洞勾 真想拿刺刀往你身上捅
鑒測 is a joke 裝個樣子都不會做 你問為什麼 因為他是媽的天兵
媽的天兵 腦袋打了鋼釘 出來發神經還不如躺在寢室裝病 煙蒂塞在花盆裡 自以為自己很聰明 出了社會你什麼都不行 腦袋太破你需要貼個補丁
媽的天兵 腦子傻不拎叮 出來少根筋 還不如滾回家裡待命 停止你犯蠢的小聰明 滾回你的天馬行星 報告班長他需要被隔離 他來這裡散播愚蠢的疾病
第三個禮拜 就開始裝病 裝睡的人叫不醒 班頭出列清查人數 怎麼還少個小迷糊 Where he go? I don’t know?? 可能躲在被窩 玩著床板下的iPhone 出事別想怪我 It ain’t my fault!
他在頂樓抽菸 還被班長發現 站在空地被訓誡 真是丟人現眼 行軍時蹣跚的腳步 打球前恢復神速 臉皮厚度突破大會紀錄 吃不了苦 他就是這麼荒謬
不要跟我裝熟 行進時不要跟我聊天 就你的腳在拖 害全隊又要重走一遍 真是他媽的浪費我的時間
也許是我太規矩 也許是班長太嚴厲 也許擺在對的地點他也能發揮潛力 每個人都有適合自己的環境 資收班出列 把他放到垃圾間
媽的天兵 腦袋打了鋼釘 出來發神經還不如躺在寢室裝病 煙蒂塞在花盆裡 自以為自己很聰明 出了社會你什麼都不行 腦袋太破你需要貼個補丁
媽的天兵 腦子傻不拎叮 出來少根筋 還不如滾回家裡待命 停止你犯蠢的小聰明 滾回你的天馬行星 報告班長他需要被隔離 他來這裡散播愚蠢的疾病
留言（ 2 ） 最相關留言 所有留言
留言（ 2 ）",2026-07-25,,False,False,
2026-07-27 04:16:23,7,,,96,6560,16,https://streetvoice.com/MatthewLiu/songs/870099/,https://streetvoice.com/MatthewLiu/,"https://akstatic.streetvoice.com/song_covers/Ma/tt/MatthewLiu/ffF2m9xA4aeErySjPCqDcz.jpeg?x-oss-process=image/resize,m_fixed,h_1,w_1,limit_0/resize,m_fixed,h_630,w_1200,limit_0/watermark,image_c29uZ19jb3ZlcnMvTWEvdHQvTWF0dGhld0xpdS9mZkYybTl4QTRhZUVyeVNqUENxRGN6LmpwZWc_eC1vc3MtcHJvY2Vzcz1pbWFnZS9yZXNpemUsbV9maXhlZCxoXzM0NCx3XzM0NCxsaW1pdF8w,g_nw,x_428,y_143/watermark,image_YXNzZXQvaW1hZ2VzL21ldGFpbWFnZS1zb25nLnBuZw,g_nw,x_0,y_0",@MatthewLiu,音樂人,,,,1,89,,,,https://www.youtube.com/user/StreetVoiceTV,Pop,,,,"成立美秀之前與李威、狗柏一起表演過的創作 
成立美秀之前與李威、狗柏一起表演過的創作","深夜的胡思亂想 一個人 走出門 在深夜散步沈澱想法 談不上悲傷但也不快樂 像快要下雨的清晨 已經走 多遠了 想找尋避風港的小船 那些愛的恨的猜不透的 逝去了找不到解答 陪寂寞呼吸著回憶的殘響 纏繞在胸口情緒緊繃迴盪 只是深夜的胡思亂想 沒有你的世界好孤單 沒有你的世界好孤單 沒有你的世界好孤單 簡簡單單 就再次癲狂 眼淚落下帶不走我的崩塌 也許世界已經無法承載我 也許我無法承載悲傷 陪寂寞呼吸著回憶的殘響 纏繞在胸口情緒緊繃迴盪 只是深夜的胡思亂想 沒有你的世界好孤單 沒有你的世界好孤單 沒有你的世界 
深夜的胡思亂想
一個人 走出門 在深夜散步沈澱想法 談不上悲傷但也不快樂 像快要下雨的清晨
已經走 多遠了 想找尋避風港的小船 那些愛的恨的猜不透的 逝去了找不到解答
陪寂寞呼吸著回憶的殘響 纏繞在胸口情緒緊繃迴盪 只是深夜的胡思亂想 沒有你的世界好孤單 沒有你的世界好孤單 沒有你的世界好孤單
簡簡單單 就再次癲狂 眼淚落下帶不走我的崩塌 也許世界已經無法承載我 也許我無法承載悲傷
陪寂寞呼吸著回憶的殘響 纏繞在胸口情緒緊繃迴盪 只是深夜的胡思亂想 沒有你的世界好孤單 沒有你的世界好孤單 沒有你的世界
留言（ 16 ） 最相關留言 所有留言
留言（ 16 ）",2026-07-19,,True,False,
2026-07-27 04:16:23,8,,,81,8167,24,https://streetvoice.com/MatthewLiu/songs/870091/,https://streetvoice.com/MatthewLiu/,"https://akstatic.streetvoice.com/song_covers/Ma/tt/MatthewLiu/aSmrrtfn73LUrSFMK2eNVc.jpeg?x-oss-process=image/resize,m_fixed,h_1,w_1,limit_0/resize,m_fixed,h_630,w_1200,limit_0/watermark,image_c29uZ19jb3ZlcnMvTWEvdHQvTWF0dGhld0xpdS9hU21ycnRmbjczTFVyU0ZNSzJlTlZjLmpwZWc_eC1vc3MtcHJvY2Vzcz1pbWFnZS9yZXNpemUsbV9maXhlZCxoXzM0NCx3XzM0NCxsaW1pdF8w,g_nw,x_428,y_143/watermark,image_YXNzZXQvaW1hZ2VzL21ldGFpbWFnZS1zb25nLnBuZw,g_nw,x_0,y_0",@MatthewLiu,音樂人,,,,1,117,,,,https://www.youtube.com/user/StreetVoiceTV,Pop,,,,"這是一首有關三體的歌曲，正式版將收錄於今年即將發行的歌人專輯《朋友、戀人與最糟糕的事》 
這是一首有關三體的歌曲，正式版將收錄於今年即將發行的歌人專輯《朋友、戀人與最糟糕的事》","雲天明 我願意做一顆星球 藏在你無邊的宇宙 在你不捨之前我會先離開 童年時不曾真的有童話 離別時也不曾真的害怕 你如晨星總是明亮 我是銀河之外的悲傷 遙遠地 容不下一句話 我願意做一顆星球 藏在你無邊的宇宙 在你不捨之前我會先離開 沈默如流星般劃過 仰望著恆星的永久 在時間的盡頭 我會等待 沈默如流星般劃過 仰望著恆星的永久 在時間的盡頭 我會等待 等待你醒過來 這次我 會勇敢 說出來 - 詞曲編曲錄音混音演唱：我 
雲天明
我願意做一顆星球 藏在你無邊的宇宙 在你不捨之前我會先離開
童年時不曾真的有童話 離別時也不曾真的害怕 你如晨星總是明亮 我是銀河之外的悲傷 遙遠地 容不下一句話
我願意做一顆星球 藏在你無邊的宇宙 在你不捨之前我會先離開
沈默如流星般劃過 仰望著恆星的永久 在時間的盡頭 我會等待
沈默如流星般劃過 仰望著恆星的永久 在時間的盡頭 我會等待
等待你醒過來 這次我 會勇敢 說出來
-
詞曲編曲錄音混音演唱：我
留言（ 24 ） 最相關留言 所有留言
留言（ 24 ）",2026-07-19,,True,False,
2026-07-27 04:16:23,9,,,30,1069,4,https://streetvoice.com/Song_of_crane/songs/868531/,https://streetvoice.com/Song_of_crane/,"https://akstatic.streetvoice.com/song_covers/So/ng/Song_of_crane/coRcxrbzA9feAThdjny6Sf.jpeg?x-oss-process=image/resize,m_fixed,h_1,w_1,limit_0/resize,m_fixed,h_630,w_1200,limit_0/watermark,image_c29uZ19jb3ZlcnMvU28vbmcvU29uZ19vZl9jcmFuZS9jb1JjeHJiekE5ZmVBVGhkam55NlNmLmpwZWc_eC1vc3MtcHJvY2Vzcz1pbWFnZS9yZXNpemUsbV9maXhlZCxoXzM0NCx3XzM0NCxsaW1pdF8w,g_nw,x_428,y_143/watermark,image_YXNzZXQvaW1hZ2VzL21ldGFpbWFnZS1zb25nLnBuZw,g_nw,x_0,y_0",@Song_of_crane,音樂人,彰化縣,2014-07-01,2021-09-02 17:50,7,922,,https://www.facebook.com/iornhorn,https://www.instagram.com/song_of_crane/,https://www.youtube.com/c/%E5%AE%8B%E5%BE%B7%E9%B6%B4IRONHORN,Pop,,,,"從試圖灑脫放手，到承認自己愛到瘋狂，最痛的不是離別，而是發現自己從未真正走進對方的生命。這是一場在淚水中看清的過程，最終，把遺憾留在過去，決定放過自己。 《從未說過我愛你》 - 演唱 Artist｜宋德鶴 Song of Crane 製作人 Producer｜吳威翰 Aaron Wu 編曲｜宋德鶴 Song of Crane、吳威翰 Aaron Wu 作詞 Lyrics｜允成 Joseph 作曲 Composer｜允成 Joseph 主唱 Vocal｜允成 Joseph 和聲Background Vocals｜允成 Joseph 電吉他 Electric Guitar｜泳豪 Jason、張銘 Gino 木吉他 Acoustic Guitar｜允成 Joseph 貝斯 Bass｜小葵 Josh 鼓 Drum｜小劍 Claire 藝人經紀Artist Manager｜雅淇Bravo Ko 錄音工程師 Recording Engineer｜梁祐鈞 Jim、吳威翰 Aaron Wu 錄音工作室 Vocal Recording Studio｜灰帽音樂工作室GRAY HAT STUDIO、恆天音樂工作室 HANG TANG Music Studio、AaronSoundLab 混音工程師 Mixing Engineer｜吳威翰 Aaron Wu 混音工作室 Mixing Studio｜AaronSoundLab 母帶後期處理工程師 Mastering Engineer｜吳威翰 Aaron Wu 母帶後期處理工作室 Mastering Studio｜AaronSoundLab 製作公司 Production Company｜恆天國際有限公司 HANG TANG INTERNATIONAL LTD. 發行通路 Distributed by｜滾石移動音樂 Rock Mobile ℗ & © 2026 HANG TANG INTERNATIONAL LTD. 
從試圖灑脫放手，到承認自己愛到瘋狂，最痛的不是離別，而是發現自己從未真正走進對方的生命。這是一場在淚水中看清的過程，最終，把遺憾留在過去，決定放過自己。
《從未說過我愛你》 - 演唱 Artist｜宋德鶴 Song of Crane 製作人 Producer｜吳威翰 Aaron Wu 編曲｜宋德鶴 Song of Crane、吳威翰 Aaron Wu 作詞 Lyrics｜允成 Joseph 作曲 Composer｜允成 Joseph 主唱 Vocal｜允成 Joseph 和聲Background Vocals｜允成 Joseph 電吉他 Electric Guitar｜泳豪 Jason、張銘 Gino 木吉他 Acoustic Guitar｜允成 Joseph 貝斯 Bass｜小葵 Josh 鼓 Drum｜小劍 Claire 藝人經紀Artist Manager｜雅淇Bravo Ko
錄音工程師 Recording Engineer｜梁祐鈞 Jim、吳威翰 Aaron Wu 錄音工作室 Vocal Recording Studio｜灰帽音樂工作室GRAY HAT STUDIO、恆天音樂工作室 HANG TANG Music Studio、AaronSoundLab
混音工程師 Mixing Engineer｜吳威翰 Aaron Wu 混音工作室 Mixing Studio｜AaronSoundLab 母帶後期處理工程師 Mastering Engineer｜吳威翰 Aaron Wu 母帶後期處理工作室 Mastering Studio｜AaronSoundLab
製作公司 Production Company｜恆天國際有限公司 HANG TANG INTERNATIONAL LTD. 發行通路 Distributed by｜滾石移動音樂 Rock Mobile ℗ & © 2026 HANG TANG INTERNATIONAL LTD.","放手是種選擇 愛到這裡夠了 你的名字回到回憶 我回到自己 在沒有你的世界裡 獨自呼吸 你從未說過一句我愛你 從未讀懂我的心 從未說過一次對不起 從未說過一次我愛你 我從未走進你的生命裡 終究沒有選擇 愛到徹底瘋了 你的名字留在過去 我留著自己 在沒有你的城市裡 獨自哭泣 你從未說過一句我愛你 從未讀懂我的心 我從未走進你的生命裡 你從未說過一句我愛你 原來是自己還不肯清醒 你從未說過一句我愛你 從未讀懂我的心 我從未走進你的生命裡 你從未說過一句我愛你 是我終於決定放過自己 
放手是種選擇 愛到這裡夠了 你的名字回到回憶 我回到自己 在沒有你的世界裡 獨自呼吸
你從未說過一句我愛你 從未讀懂我的心 從未說過一次對不起 從未說過一次我愛你 我從未走進你的生命裡
終究沒有選擇 愛到徹底瘋了 你的名字留在過去 我留著自己 在沒有你的城市裡 獨自哭泣
你從未說過一句我愛你 從未讀懂我的心 我從未走進你的生命裡 你從未說過一句我愛你 原來是自己還不肯清醒
你從未說過一句我愛你 從未讀懂我的心 我從未走進你的生命裡 你從未說過一句我愛你 是我終於決定放過自己
留言（ 4 ） 最相關留言 所有留言
留言（ 4 ）",2026-07-24,,True,False,
2026-07-27 04:16:23,10,,,4,97,0,https://streetvoice.com/jg980309/songs/870827/,https://streetvoice.com/jg980309/,"https://akstatic.streetvoice.com/music_albums/jg/98/jg980309/Trt8MiWRQxAFjwaT7ovoQE.jpeg?x-oss-process=image/resize,m_fixed,h_1,w_1,limit_0/resize,m_fixed,h_630,w_1200,limit_0/watermark,image_bXVzaWNfYWxidW1zL2pnLzk4L2pnOTgwMzA5L1RydDhNaVdSUXhBRmp3YVQ3b3ZvUUUuanBlZz94LW9zcy1wcm9jZXNzPWltYWdlL3Jlc2l6ZSxtX2ZpeGVkLGhfMzQ0LHdfMzQ0LGxpbWl0XzA,g_nw,x_428,y_143/watermark,image_YXNzZXQvaW1hZ2VzL21ldGFpbWFnZS1zb25nLnBuZw,g_nw,x_0,y_0",@jg980309,音樂人,,,2025-01-21 13:32,2,22,8,https://www.facebook.com/profile.php?id=100010382926336,https://www.instagram.com/111.110101/,https://www.youtube.com/@hongyuchen.0501,Alternative,姿態,https://streetvoice.com/jg980309/songs/album/97325751/,,"詞曲編混：陳竑宇 封面：陳竑睿 我們開始像個語言學家一樣，仔細拆解每一句對白，研究字與字之間的架構。可描述得越發精準，心裡的空洞就越龐大。那些喧囂後沒有散去的聲音，在腦海裡一遍又一遍地翻譯、修訂，直到仔細分辨，再也聽不清裡頭的情感。 
詞曲編混：陳竑宇 封面：陳竑睿
我們開始像個語言學家一樣，仔細拆解每一句對白，研究字與字之間的架構。可描述得越發精準，心裡的空洞就越龐大。那些喧囂後沒有散去的聲音，在腦海裡一遍又一遍地翻譯、修訂，直到仔細分辨，再也聽不清裡頭的情感。","說 怎麼說 怎麼說也都沒用 迂迴曲折的語句 迴盪在空氣之中 我 怎麼我 怎麼也開始研究 字詞語句的架構 構築在一片空洞 放眼望去全都是自己 喧囂後沒散去的聲音 同樣語言 翻譯在修訂 重複播放在腦海裡 喧鬧著的是什麼聲音 仔細聽我也分辨不清 說出的話 包裝的華麗 只剩下頻率 失去意義 躲 怎麼躲 怎麼躲也都沒用 逐漸重複的對白 消散在漆黑之中 我 怎麼我 怎麼也開始沈默 逐漸精準的表達 隱藏失去的自我 喧鬧著的是什麼聲音 仔細聽我也分辨不清 說出的話 包裝的華麗 只剩下頻率 失去意義 喧囂後沒散去的聲音 放眼望去全都是自己 同樣的語言 翻譯在修訂 重複播放在腦海裡 
說 怎麼說 怎麼說也都沒用 迂迴曲折的語句 迴盪在空氣之中 我 怎麼我 怎麼也開始研究 字詞語句的架構 構築在一片空洞
放眼望去全都是自己 喧囂後沒散去的聲音 同樣語言 翻譯在修訂 重複播放在腦海裡
喧鬧著的是什麼聲音 仔細聽我也分辨不清 說出的話 包裝的華麗 只剩下頻率 失去意義
躲 怎麼躲 怎麼躲也都沒用 逐漸重複的對白 消散在漆黑之中 我 怎麼我 怎麼也開始沈默 逐漸精準的表達 隱藏失去的自我
喧鬧著的是什麼聲音 仔細聽我也分辨不清 說出的話 包裝的華麗 只剩下頻率 失去意義
喧囂後沒散去的聲音 放眼望去全都是自己 同樣的語言 翻譯在修訂 重複播放在腦海裡
留言（ 0 ） 最相關留言 所有留言
留言（ 0 ）",2026-07-24,,True,False,
2026-07-27 04:16:23,11,,,9,983,10,https://streetvoice.com/MatthewLiu/songs/870097/,https://streetvoice.com/MatthewLiu/,"https://akstatic.streetvoice.com/song_covers/Ma/tt/MatthewLiu/b3YA3xfSEr3znsCifWGURc.jpeg?x-oss-process=image/resize,m_fixed,h_1,w_1,limit_0/resize,m_fixed,h_630,w_1200,limit_0/watermark,image_c29uZ19jb3ZlcnMvTWEvdHQvTWF0dGhld0xpdS9iM1lBM3hmU0VyM3puc0NpZldHVVJjLmpwZWc_eC1vc3MtcHJvY2Vzcz1pbWFnZS9yZXNpemUsbV9maXhlZCxoXzM0NCx3XzM0NCxsaW1pdF8w,g_nw,x_428,y_143/watermark,image_YXNzZXQvaW1hZ2VzL21ldGFpbWFnZS1zb25nLnBuZw,g_nw,x_0,y_0",@MatthewLiu,音樂人,,,,,61,,,,https://www.youtube.com/user/StreetVoiceTV,Punk,,,,"日式流行龐克 
日式流行龐克","環狀線 坐在環狀線上的女孩 多想能一眼把你看穿 每個星期五的傍晚總有一個剎那 能看見你的笑 指尖殘留著油畫的顏料 藝大的簡章 跟身心科的藥 收斂起我太過直接的目光 我只是在你身上看到了她 他總是背著高兩個頭的畫板 問我這個跳色 會部會太好猜 其實我從來就看不出來 你今天是否化了妝 因為我是個龐克 坐在環狀線上的女孩 瑟縮在紅色的大衣中睡著了 耳機中的落日飛車是老的那張 剛好是他的最愛 他總是在形而上的世界盤旋 與萍水相逢的我恣意的眷戀 每一次道別 都可能是最後一次道別 別說的敷衍 別說的敷衍 坐在環狀線上的女孩 新聞播放著你全開的油畫 每一處充滿挑釁不和諧的美感 如果當初我能明白 是否就能再次見到 是否就能再次見到 是否就能再次見到 環狀線上的女孩 
環狀線
坐在環狀線上的女孩 多想能一眼把你看穿 每個星期五的傍晚總有一個剎那 能看見你的笑
指尖殘留著油畫的顏料 藝大的簡章 跟身心科的藥 收斂起我太過直接的目光 我只是在你身上看到了她
他總是背著高兩個頭的畫板 問我這個跳色 會部會太好猜 其實我從來就看不出來 你今天是否化了妝 因為我是個龐克
坐在環狀線上的女孩 瑟縮在紅色的大衣中睡著了 耳機中的落日飛車是老的那張 剛好是他的最愛
他總是在形而上的世界盤旋 與萍水相逢的我恣意的眷戀 每一次道別 都可能是最後一次道別 別說的敷衍 別說的敷衍
坐在環狀線上的女孩 新聞播放著你全開的油畫 每一處充滿挑釁不和諧的美感 如果當初我能明白 是否就能再次見到 是否就能再次見到 是否就能再次見到 環狀線上的女孩
留言（ 10 ） 最相關留言 所有留言
留言（ 10 ）",2026-07-19,,True,False,
2026-07-27 04:16:23,12,,,2,16,10,https://streetvoice.com/ChristopherR/songs/871171/,https://streetvoice.com/ChristopherR/,"https://akstatic.streetvoice.com/song_covers/Ch/ri/ChristopherR/ZaKG4aENtQ8d3BMASkjH4s.jpeg?x-oss-process=image/resize,m_fixed,h_1,w_1,limit_0/resize,m_fixed,h_630,w_1200,limit_0/watermark,image_c29uZ19jb3ZlcnMvQ2gvcmkvQ2hyaXN0b3BoZXJSL1phS0c0YUVOdFE4ZDNCTUFTa2pINHMuanBlZz94LW9zcy1wcm9jZXNzPWltYWdlL3Jlc2l6ZSxtX2ZpeGVkLGhfMzQ0LHdfMzQ0LGxpbWl0XzA,g_nw,x_428,y_143/watermark,image_YXNzZXQvaW1hZ2VzL21ldGFpbWFnZS1zb25nLnBuZw,g_nw,x_0,y_0",@ChristopherR,音樂人,,,,9,9,29,,,https://www.youtube.com/user/StreetVoiceTV,R&B / Soul,,,,"為戀愛中的朋友打造的 一首溫暖、明亮，帶著城市靈魂節奏的大人情歌。 大致上，適合初戀以外的各式戀情。 Sophisti pop with city soul 
為戀愛中的朋友打造的 一首溫暖、明亮，帶著城市靈魂節奏的大人情歌。
大致上，適合初戀以外的各式戀情。
Sophisti pop with city soul","Everywhere with you Everywhere with you I used to count the days in silence I used to follow distant lights Then you came in like a rhythm moving softly through the night I never knew a heart could loosen I never knew a dream could play Now every road I used to wander seems to lean toward your name And I don’t need a reason I don’t need a sign When your hand is on my shoulder the world falls into time I want to go everywhere with you not to run, but to arrive Every street becomes a slow song when I see it through your eyes I want the years to move around us warm and golden, smooth and true There is nowhere I would rather be than everywhere with you Maybe we arrived much later than the story wished we would But a heart that knows the waiting knows the sweetness when it comes You make the simple things feel warmer you make the evening settle in Every smile you leave unguarded starts a little fire under my skin And I don’t need forever to know what I have found If time has made us careful let love turn the music up I want to go everywhere with you not to run, but to arrive Every street becomes a slow song when I see it through your eyes I want the years to move around us warm and golden, smooth and true There is nowhere I would rather be than everywhere with you We came with maps already folded and names we learned to leave behind But love is not the road we missed it’s what we notice, given time So come a little closer let the city lose its blue If we came late to the season let us dance like lovers do I want to go everywhere with you not to run, but to arrive Every street becomes a slow song when I see it through your eyes I want the years to move around us warm and golden, smooth and true There is nowhere I would rather be than everywhere with you Everywhere with you Everywhere with you Still in time for something new everywhere with you 
Everywhere with you Everywhere with you
I used to count the days in silence I used to follow distant lights Then you came in like a rhythm moving softly through the night
I never knew a heart could loosen I never knew a dream could play Now every road I used to wander seems to lean toward your name
And I don’t need a reason I don’t need a sign When your hand is on my shoulder the world falls into time
I want to go everywhere with you not to run, but to arrive Every street becomes a slow song when I see it through your eyes
I want the years to move around us warm and golden, smooth and true There is nowhere I would rather be than everywhere with you
Maybe we arrived much later than the story wished we would But a heart that knows the waiting knows the sweetness when it comes
You make the simple things feel warmer you make the evening settle in Every smile you leave unguarded starts a little fire under my skin
And I don’t need forever to know what I have found If time has made us careful let love turn the music up
I want to go everywhere with you not to run, but to arrive Every street becomes a slow song when I see it through your eyes
I want the years to move around us warm and golden, smooth and true There is nowhere I would rather be than everywhere with you
We came with maps already folded and names we learned to leave behind But love is not the road we missed it’s what we notice, given time
So come a little closer let the city lose its blue If we came late to the season let us dance like lovers do
I want to go everywhere with you not to run, but to arrive Every street becomes a slow song when I see it through your eyes
I want the years to move around us warm and golden, smooth and true There is nowhere I would rather be than everywhere with you
Everywhere with you Everywhere with you Still in time for something new everywhere with you
留言（ 10 ） 最相關留言 所有留言
留言（ 10 ）",2026-07-26,,False,False,
2026-07-27 04:16:23,13,,,2,514,2,https://streetvoice.com/imxun/songs/870777/,https://streetvoice.com/imxun/,"https://akstatic.streetvoice.com/song_covers/im/xu/imxun/iJf2mXSWCLcL9fcCxMyuUY.jpg?x-oss-process=image/resize,m_fixed,h_1,w_1,limit_0/resize,m_fixed,h_630,w_1200,limit_0/watermark,image_c29uZ19jb3ZlcnMvaW0veHUvaW14dW4vaUpmMm1YU1dDTGNMOWZjQ3hNeXVVWS5qcGc_eC1vc3MtcHJvY2Vzcz1pbWFnZS9yZXNpemUsbV9maXhlZCxoXzM0NCx3XzM0NCxsaW1pdF8w,g_nw,x_428,y_143/watermark,image_YXNzZXQvaW1hZ2VzL21ldGFpbWFnZS1zb25nLnBuZw,g_nw,x_0,y_0",@imxun,音樂人,,,,,5,,,,https://www.youtube.com/user/StreetVoiceTV,Hip hop / Rap,,,,"大嘻哈3沒有入棚只好回去麥塊挖鑽石了……記得小時候跑大隊接力，我都是候補，因為我跑得很慢，但是從今以後，再也不會有人笑我跑得慢了，因為我是———專業陪跑員。我沒有入棚就像把一根竹筍剁碎，不好意思上菜囉～🗣️🗣️你們要的小彩來了，嗯嗯對，這是你們的筍絲，饒舌界來了個無關緊要的人但諧音梗界失去了他的耶路撒冷，懂？￼ 無論如何，我這一生如履薄冰，但是俺的歌就是俺的態度，Never give it up!（說到這裡，辛彩薰跳起了瑞克搖） 麥塊玩到後期的朋友都知道，有時候鐵礦脈的鐵真的太多了，挖不完，而且我有鐵巨人塔，然後金又沒什麼用，所以我就只想挖鑽石，我就是很貪心，我想要我整間房子都是鑽石磚，我根本不管好不好看，我就是想要別人遠遠看見我的房子就會驚嘆：omg!麥塊界的陶朱隱園!所以我就一直挖鑽石，一直挖，一直挖，我做夢都在挖，你問為什麼火把已經所剩無幾？為什麼不加全亮模組？我的原則是玩麥塊不可以加模組，因為我不會裝，我又是一個很陽春的人，我不想學我就會堅持不學，所以我每次去探廢礦的時候火把都會用完，但是深板岩層又挖不到煤炭（深板岩層比較好挖鑽石），這時候我就會叫朋友tp我，為我送一些煤炭來，像是Uber Eat或是Foodpanda那樣，然後我會跟他們一點鑽石，這才不是作弊，我一步都沒有退，打指令的是我朋友不是我，我有給她鑽石啊，我們是正常交易，煤炭變鑽石，就像醜小鴨會變天鵝一樣！😤 最後，封面我用我的ID/imxun拼成了134，是我的海選號碼，你問1、2、3、4的2在哪？我不知道啊我去海選的時候沒有吃早餐沒有吃午餐，我肚子很2啊！我前一天還睡不著，我只睡了2個小時，人家還做2夢～😭😭我夢到我一直挖不到鑽石……我要好好睡覺。。。😴 
大嘻哈3沒有入棚只好回去麥塊挖鑽石了……記得小時候跑大隊接力，我都是候補，因為我跑得很慢，但是從今以後，再也不會有人笑我跑得慢了，因為我是———專業陪跑員。我沒有入棚就像把一根竹筍剁碎，不好意思上菜囉～🗣️🗣️你們要的小彩來了，嗯嗯對，這是你們的筍絲，饒舌界來了個無關緊要的人但諧音梗界失去了他的耶路撒冷，懂？￼ 無論如何，我這一生如履薄冰，但是俺的歌就是俺的態度，Never give it up!（說到這裡，辛彩薰跳起了瑞克搖）
麥塊玩到後期的朋友都知道，有時候鐵礦脈的鐵真的太多了，挖不完，而且我有鐵巨人塔，然後金又沒什麼用，所以我就只想挖鑽石，我就是很貪心，我想要我整間房子都是鑽石磚，我根本不管好不好看，我就是想要別人遠遠看見我的房子就會驚嘆：omg!麥塊界的陶朱隱園!所以我就一直挖鑽石，一直挖，一直挖，我做夢都在挖，你問為什麼火把已經所剩無幾？為什麼不加全亮模組？我的原則是玩麥塊不可以加模組，因為我不會裝，我又是一個很陽春的人，我不想學我就會堅持不學，所以我每次去探廢礦的時候火把都會用完，但是深板岩層又挖不到煤炭（深板岩層比較好挖鑽石），這時候我就會叫朋友tp我，為我送一些煤炭來，像是Uber Eat或是Foodpanda那樣，然後我會跟他們一點鑽石，這才不是作弊，我一步都沒有退，打指令的是我朋友不是我，我有給她鑽石啊，我們是正常交易，煤炭變鑽石，就像醜小鴨會變天鵝一樣！😤
最後，封面我用我的ID/imxun拼成了134，是我的海選號碼，你問1、2、3、4的2在哪？我不知道啊我去海選的時候沒有吃早餐沒有吃午餐，我肚子很2啊！我前一天還睡不著，我只睡了2個小時，人家還做2夢～😭😭我夢到我一直挖不到鑽石……我要好好睡覺。。。😴","Don't call me anymore 404 not found 告訴我座標地下幾層underground 裝聽不見那怪物聲響 獨自逞強著 踏破鐵鞋找不到 Tell me where you are 轉了幾個彎 Baby 你在哪 我們之間隔了幾層牆 距離你太遠的話 But I will never give it up 我挖到diamond 一顆後面接著還有一顆 So I’ll never give it up 你知道我從始至終的專一 真金白銀從不放在眼裡 為了找到你我滿眼 滿心 滿意 全都是你 Like I never get enough 他們說我太過貪心 沒盡頭的廢礦 火把已經所剩無幾 像傳遞接力棒 /tp 我的ID imxun小寫後面.730 踏破鐵鞋找不到 Tell me where you are 轉了幾個彎 Baby 你在～哪😭 我們之間 隔了幾層牆 距離你太遠的話 But I will never give it up ，，， 我挖到diamond 一顆後面接著還有一顆 So I’ll never give it up 
Don't call me anymore 404 not found 告訴我座標地下幾層underground 裝聽不見那怪物聲響 獨自逞強著 踏破鐵鞋找不到 Tell me where you are 轉了幾個彎 Baby 你在哪 我們之間隔了幾層牆 距離你太遠的話 But I will never give it up 我挖到diamond 一顆後面接著還有一顆 So I’ll never give it up 你知道我從始至終的專一 真金白銀從不放在眼裡 為了找到你我滿眼 滿心 滿意 全都是你 Like I never get enough 他們說我太過貪心 沒盡頭的廢礦 火把已經所剩無幾 像傳遞接力棒 /tp 我的ID imxun小寫後面.730 踏破鐵鞋找不到 Tell me where you are 轉了幾個彎 Baby 你在～哪😭 我們之間 隔了幾層牆 距離你太遠的話 But I will never give it up ，，， 我挖到diamond 一顆後面接著還有一顆 So I’ll never give it up
留言（ 2 ） 最相關留言 所有留言
留言（ 2 ）",2026-07-24,,True,False,
2026-07-27 04:16:23,14,,,16,3787,26,https://streetvoice.com/LieYing/songs/870445/,https://streetvoice.com/LieYing/,"https://akstatic.streetvoice.com/song_covers/Li/eY/LieYing/LAAHNawVStb8bcWCSKQf75.jpeg?x-oss-process=image/resize,m_fixed,h_1,w_1,limit_0/resize,m_fixed,h_630,w_1200,limit_0/watermark,image_c29uZ19jb3ZlcnMvTGkvZVkvTGllWWluZy9MQUFITmF3VlN0YjhiY1dDU0tRZjc1LmpwZWc_eC1vc3MtcHJvY2Vzcz1pbWFnZS9yZXNpemUsbV9maXhlZCxoXzM0NCx3XzM0NCxsaW1pdF8w,g_nw,x_428,y_143/watermark,image_YXNzZXQvaW1hZ2VzL21ldGFpbWFnZS1zb25nLnBuZw,g_nw,x_0,y_0",@LieYing,音樂人,,,2025-09-08 17:23,6,239,,,https://www.instagram.com/lieying.lieying/,https://www.youtube.com/@lieying.lieying,Rock,,,,"「What's Up - 4 Non Blondes」烈鷹的翻唱 
「What's Up - 4 Non Blondes」烈鷹的翻唱","動態歌詞
Twenty-nine years and my life is still Just trying to get up that great big hill of hope For a destination I realized quickly when I knew I should That the world was made up of this Brotherhood of man For whatever that means And so I cry sometimes When I’m lying in bed Just to get it all out What’s in my head And I I am feeling A little peculiar And so I wake in the morning And I step outside And I take a deep breath And I get real high And I Scream at the top of my lungs WHAT’S GOING ON and I say 嘿 呀 呀 呀 呀 嘿 呀 呀 I SAY 嘿 WHAT’S GOING ON and I say 嘿 呀 呀 呀 呀 嘿 呀 呀 I SAY 嘿 WHAT’S GOING ON And he tries Oh my god, do I try I try all the time In this institution AND HE PRAYS Oh my god, do I pray I pray every single day MYEH FOR A REVOLUTION And so I cry sometimes When I’m lying in bed Just to get it all out What’s in my head And I I am feeling A little peculiar And so I wake in the morning And I step outside And I take a deep breath And I get real high And I Scream at the top of my lungs WHAT’S GOING ON and I say 嘿 呀 呀 呀 呀 嘿 呀 呀 I SAY 嘿 WHAT’S GOING ON and I say 嘿 呀 呀 呀 呀 嘿 呀 呀呀呀 I SAY 嘿 WHAT’S GOING ON Twenty-nine years and my life is still Just trying to get up that great big hill of hope For a destination 
Twenty-nine years and my life is still Just trying to get up that great big hill of hope For a destination I realized quickly when I knew I should That the world was made up of this Brotherhood of man For whatever that means And so I cry sometimes When I’m lying in bed Just to get it all out What’s in my head And I I am feeling A little peculiar And so I wake in the morning And I step outside And I take a deep breath And I get real high And I Scream at the top of my lungs WHAT’S GOING ON and I say 嘿 呀 呀 呀 呀 嘿 呀 呀 I SAY 嘿 WHAT’S GOING ON and I say 嘿 呀 呀 呀 呀 嘿 呀 呀 I SAY 嘿 WHAT’S GOING ON And he tries Oh my god, do I try I try all the time In this institution AND HE PRAYS Oh my god, do I pray I pray every single day MYEH FOR A REVOLUTION And so I cry sometimes When I’m lying in bed Just to get it all out What’s in my head And I I am feeling A little peculiar And so I wake in the morning And I step outside And I take a deep breath And I get real high And I Scream at the top of my lungs WHAT’S GOING ON and I say 嘿 呀 呀 呀 呀 嘿 呀 呀 I SAY 嘿 WHAT’S GOING ON and I say 嘿 呀 呀 呀 呀 嘿 呀 呀呀呀 I SAY 嘿 WHAT’S GOING ON Twenty-nine years and my life is still Just trying to get up that great big hill of hope For a destination
留言（ 26 ） 最相關留言 所有留言
留言（ 26 ）",2026-07-21,,False,False,
2026-07-27 04:16:23,15,,,2,204,2,https://streetvoice.com/bennuband0410/songs/871024/,https://streetvoice.com/bennuband0410/,"https://akstatic.streetvoice.com/song_covers/be/nn/bennuband0410/g5fvhtxsq9vHaqyPz7Do9a.jpeg?x-oss-process=image/resize,m_fixed,h_1,w_1,limit_0/resize,m_fixed,h_630,w_1200,limit_0/watermark,image_c29uZ19jb3ZlcnMvYmUvbm4vYmVubnViYW5kMDQxMC9nNWZ2aHR4c3E5dkhhcXlQejdEbzlhLmpwZWc_eC1vc3MtcHJvY2Vzcz1pbWFnZS9yZXNpemUsbV9maXhlZCxoXzM0NCx3XzM0NCxsaW1pdF8w,g_nw,x_428,y_143/watermark,image_YXNzZXQvaW1hZ2VzL21ldGFpbWFnZS1zb25nLnBuZw,g_nw,x_0,y_0",@bennuband0410,音樂人,,,,1,10,,,,https://www.youtube.com/user/StreetVoiceTV,Rock,,,,"所有人都知道，南瓜馬車會在午夜消失。 所以沒有人想過，故事也可以從午夜開始。 如果童話存在，它不會停留在鐘聲響起以前。 它會穿過黑夜，穿過城市，一路駛向天亮。 午夜出發的南瓜馬車 有些故事，不是因為魔法才完美。 而是因為有人，始終沒有離開。 作詞：竣傑 作曲：竣傑 主唱：孟曦 吉他：竣傑 貝斯：田中智也 鼓：小潘 Mixing:王重陽 
所有人都知道，南瓜馬車會在午夜消失。 所以沒有人想過，故事也可以從午夜開始。
如果童話存在，它不會停留在鐘聲響起以前。 它會穿過黑夜，穿過城市，一路駛向天亮。
午夜出發的南瓜馬車
有些故事，不是因為魔法才完美。 而是因為有人，始終沒有離開。
作詞：竣傑 作曲：竣傑 主唱：孟曦 吉他：竣傑 貝斯：田中智也 鼓：小潘
Mixing:王重陽","追趕過每個晨曦 也曾錯過天晴 那些起落都成爲 我們走過的痕跡 突然一場大雨 只要能夠靠近就沒關係 走散在幽暗霧裡 傳來不安低語 還好你依然相信 相信故事的結局 還在等待著我 儘管世界改變 當我載著你 不管到哪裡 你閉上眼睛靠在我身體 雜噪的人群 擁擠的路徑 卻只聽見後座聲音 童話故事裡 好遙遠的森林 城堡宮廷是反穿的風衣 我不是白馬王子 但國度只有你 跨越了城市邊際 沿著光影前進 透過車子後照鏡 兩個眼神的交集 就算前方未知 只要有你同行就沒關係 晨光灑滿了森林 喚醒沉睡夢境 那被遺忘的約定 在心底又被重啟 未寫完的伏筆 和你展開延續 In this world, my heart belongs to you Every dream I chase belongs to you 
追趕過每個晨曦 也曾錯過天晴 那些起落都成爲 我們走過的痕跡 突然一場大雨 只要能夠靠近就沒關係
走散在幽暗霧裡 傳來不安低語 還好你依然相信 相信故事的結局 還在等待著我 儘管世界改變
當我載著你 不管到哪裡 你閉上眼睛靠在我身體 雜噪的人群 擁擠的路徑 卻只聽見後座聲音
童話故事裡 好遙遠的森林 城堡宮廷是反穿的風衣 我不是白馬王子 但國度只有你
跨越了城市邊際 沿著光影前進 透過車子後照鏡 兩個眼神的交集 就算前方未知 只要有你同行就沒關係
晨光灑滿了森林 喚醒沉睡夢境 那被遺忘的約定 在心底又被重啟 未寫完的伏筆 和你展開延續
In this world, my heart belongs to you Every dream I chase belongs to you
留言（ 2 ） 最相關留言 所有留言
留言（ 2 ）",2026-07-25,,False,False,
2026-07-27 04:16:23,16,,,40,1574,22,https://streetvoice.com/Jabbertu/songs/868109/,https://streetvoice.com/Jabbertu/,"https://akstatic.streetvoice.com/song_covers/Ja/bb/Jabbertu/BP7XMdeFyT7rfr6wdjbXoW.jpeg?x-oss-process=image/resize,m_fixed,h_1,w_1,limit_0/resize,m_fixed,h_630,w_1200,limit_0/watermark,image_c29uZ19jb3ZlcnMvSmEvYmIvSmFiYmVydHUvQlA3WE1kZUZ5VDdyZnI2d2RqYlhvVy5qcGVnP3gtb3NzLXByb2Nlc3M9aW1hZ2UvcmVzaXplLG1fZml4ZWQsaF8zNDQsd18zNDQsbGltaXRfMA,g_nw,x_428,y_143/watermark,image_YXNzZXQvaW1hZ2VzL21ldGFpbWFnZS1zb25nLnBuZw,g_nw,x_0,y_0",@Jabbertu,音樂人,台中市,2019-05-01,2022-07-21 16:05,3,3396,22,,,https://www.youtube.com/user/StreetVoiceTV,Hip hop / Rap,,,,"復健組：杜宗祐、STL 筆記一下，這首beat的 main sample 來自日本迷幻搖滾樂團 Minami Deutsch，至於我為什麼會知道這個樂團呢?有一個非常有趣的故事。2024.9月我去東京玩，經過原宿的 Beams Record，進去掏了好幾張唱片，店員問我說，我是不是喜歡巴西音樂，我說對的你怎麼知道，他說他看我都在挑南美的曲風試聽，後來我就隨口問他說，有沒有日本的樂團推薦什麼曲風都可以，他就拿給我 Minami Deutsch 的黑膠，走之前，他說他自己做了一個日本 indie 歌曲的 playlist，我就順手存了起來。回台灣後，我就在 Podcast 上面分享這件事情，並且在當晚我也與來我們家玩的哲宇提到，也放了Minami Deutsch 給他聽，聽著聽著，我說好像有一段可以取樣，當下我們就開始做這個Beat。有趣的是，哲宇不習慣用Albeton，他隨意地點開了一個 wobble bass 後，不知怎麼的，聲音以一個非常短的格線Loop起來，我們兩個瞬間抬頭，靠這個無心插柳，弄出一個好適合 sample 的音色哈哈。幾天之後，我收到一位日本人和田桑的私訊，他說有一位台灣人聽了我們的 Podcast 後，跑去Beams Record 參觀，並且跟和田桑說，是我推薦來的，他一看自己的 indie 歌單，從原本 40 個 follower 變成了快 1000 個，他來連繫我表達感謝。我想說靠北，我正在用他推薦給我的歌曲做reverse sample，他的歌單也因為我的介紹，有更多人去聆聽挖寶，這真是一個良好的音樂循環啊。冥冥之中音樂在輪轉吧。我把這兩年的心得用個隨筆 Freestyle 的方式紀錄起來，也分享給你。祝您有個美好的一天 
復健組：杜宗祐、STL 筆記一下，這首beat的 main sample 來自日本迷幻搖滾樂團 Minami Deutsch，至於我為什麼會知道這個樂團呢?有一個非常有趣的故事。2024.9月我去東京玩，經過原宿的 Beams Record，進去掏了好幾張唱片，店員問我說，我是不是喜歡巴西音樂，我說對的你怎麼知道，他說他看我都在挑南美的曲風試聽，後來我就隨口問他說，有沒有日本的樂團推薦什麼曲風都可以，他就拿給我 Minami Deutsch 的黑膠，走之前，他說他自己做了一個日本 indie 歌曲的 playlist，我就順手存了起來。回台灣後，我就在 Podcast 上面分享這件事情，並且在當晚我也與來我們家玩的哲宇提到，也放了Minami Deutsch 給他聽，聽著聽著，我說好像有一段可以取樣，當下我們就開始做這個Beat。有趣的是，哲宇不習慣用Albeton，他隨意地點開了一個 wobble bass 後，不知怎麼的，聲音以一個非常短的格線Loop起來，我們兩個瞬間抬頭，靠這個無心插柳，弄出一個好適合 sample 的音色哈哈。幾天之後，我收到一位日本人和田桑的私訊，他說有一位台灣人聽了我們的 Podcast 後，跑去Beams Record 參觀，並且跟和田桑說，是我推薦來的，他一看自己的 indie 歌單，從原本 40 個 follower 變成了快 1000 個，他來連繫我表達感謝。我想說靠北，我正在用他推薦給我的歌曲做reverse sample，他的歌單也因為我的介紹，有更多人去聆聽挖寶，這真是一個良好的音樂循環啊。冥冥之中音樂在輪轉吧。我把這兩年的心得用個隨筆 Freestyle 的方式紀錄起來，也分享給你。祝您有個美好的一天","這是沒有提供歌詞的歌曲
留言（ 22 ） 最相關留言 所有留言
留言（ 22 ）",2026-07-07,,True,True,
2026-07-27 04:16:23,17,,,4,240,4,https://streetvoice.com/bluerod2026/songs/870908/,https://streetvoice.com/bluerod2026/,"https://akstatic.streetvoice.com/song_covers/bl/ue/bluerod2026/4gvmxAaHR2S9dbSFQ9rJTA.jpeg?x-oss-process=image/resize,m_fixed,h_1,w_1,limit_0/resize,m_fixed,h_630,w_1200,limit_0/watermark,image_c29uZ19jb3ZlcnMvYmwvdWUvYmx1ZXJvZDIwMjYvNGd2bXhBYUhSMlM5ZGJTRlE5ckpUQS5qcGVnP3gtb3NzLXByb2Nlc3M9aW1hZ2UvcmVzaXplLG1fZml4ZWQsaF8zNDQsd18zNDQsbGltaXRfMA,g_nw,x_428,y_143/watermark,image_YXNzZXQvaW1hZ2VzL21ldGFpbWFnZS1zb25nLnBuZw,g_nw,x_0,y_0",@bluerod2026,音樂人,,,,,8,,,,https://www.youtube.com/user/StreetVoiceTV,Pop,,,,"這是一首快樂的歌？ 作詞：鍾享叡、吳宥陞 作曲：鍾享叡、吳宥陞 編曲：鍾享叡 製作人：鍾享叡 協力製作人：張采文 聲景現場錄音：張予慧、張采文 聲景錄音室：桃園虎頭山 演出現場錄音團隊：張兆揚、林俞婷、羅珮涵 混音：張予慧 母帶：張采文 主唱：吳宥陞 電吉他：鍾享叡、黃宥翔 木吉他：張予慧 鍵盤/和聲：張采文 貝斯：林業洋 鼓：劉秉洋 封面設計：吳宥陞 
這是一首快樂的歌？
作詞：鍾享叡、吳宥陞 作曲：鍾享叡、吳宥陞 編曲：鍾享叡 製作人：鍾享叡 協力製作人：張采文 聲景現場錄音：張予慧、張采文 聲景錄音室：桃園虎頭山 演出現場錄音團隊：張兆揚、林俞婷、羅珮涵 混音：張予慧 母帶：張采文
主唱：吳宥陞 電吉他：鍾享叡、黃宥翔 木吉他：張予慧 鍵盤/和聲：張采文 貝斯：林業洋 鼓：劉秉洋
封面設計：吳宥陞","站在離天空最近的那端 張開雙手任風陣陣吹來 遠離了城市 紛擾不斷 用盡一生追求的還是否存在 而現實總是 比想像中更艱難 他逼著我們學會勇敢 而時間依然 推著我們越走越快 還有什麼想做 卻沒做完 卡密歐～快樂就是如此簡單 卡密歐～放手飛但別飛太快 這一刻 俯瞰著世界的另一端 什麼都沒帶 只有空空的腦袋 噢卡密歐～快樂就是如此簡單 噢卡密歐～讓煩惱隨著風煙消雲散 想起從前對音樂的熱愛 忘了已多久 沒得到快樂 ～～～～～～～～～～～～ 卡密歐～快樂就是如此簡單 卡密歐～放手飛但別飛太快 這一刻 俯瞰著世界的另一端 什麼都沒帶 只有空空的腦袋 噢卡密歐～快樂就是如此簡單 噢卡密歐～讓煩惱隨著風煙消雲散 想起從前對音樂的熱愛 忘了已多久 沒得到快樂 卡密歐～地面的煩惱都與我無關 卡密歐～放手飛但別飛太快 這一刻 俯瞰著世界的另一端 什麼都沒帶 只有空空的腦袋 噢卡密歐～地面的煩惱也與你無關 噢卡密歐～讓煩惱隨著風煙消雲散 現在 剩你和陽光爛漫 忘了有多久 沒得到快樂 
站在離天空最近的那端 張開雙手任風陣陣吹來 遠離了城市 紛擾不斷 用盡一生追求的還是否存在
而現實總是 比想像中更艱難 他逼著我們學會勇敢 而時間依然 推著我們越走越快 還有什麼想做 卻沒做完
卡密歐～快樂就是如此簡單 卡密歐～放手飛但別飛太快 這一刻 俯瞰著世界的另一端 什麼都沒帶 只有空空的腦袋 噢卡密歐～快樂就是如此簡單 噢卡密歐～讓煩惱隨著風煙消雲散 想起從前對音樂的熱愛 忘了已多久 沒得到快樂
～～～～～～～～～～～～
卡密歐～快樂就是如此簡單 卡密歐～放手飛但別飛太快 這一刻 俯瞰著世界的另一端 什麼都沒帶 只有空空的腦袋 噢卡密歐～快樂就是如此簡單 噢卡密歐～讓煩惱隨著風煙消雲散 想起從前對音樂的熱愛 忘了已多久 沒得到快樂
卡密歐～地面的煩惱都與我無關 卡密歐～放手飛但別飛太快 這一刻 俯瞰著世界的另一端 什麼都沒帶 只有空空的腦袋 噢卡密歐～地面的煩惱也與你無關 噢卡密歐～讓煩惱隨著風煙消雲散 現在 剩你和陽光爛漫 忘了有多久 沒得到快樂
留言（ 4 ） 最相關留言 所有留言
留言（ 4 ）",2026-07-24,,False,False,
2026-07-27 04:16:23,18,,,16,1730,7,https://streetvoice.com/MatthewLiu/songs/870095/,https://streetvoice.com/MatthewLiu/,"https://akstatic.streetvoice.com/song_covers/Ma/tt/MatthewLiu/J2EFM8EeC4HPoVWVgQe8UH.jpeg?x-oss-process=image/resize,m_fixed,h_1,w_1,limit_0/resize,m_fixed,h_630,w_1200,limit_0/watermark,image_c29uZ19jb3ZlcnMvTWEvdHQvTWF0dGhld0xpdS9KMkVGTThFZUM0SFBvVldWZ1FlOFVILmpwZWc_eC1vc3MtcHJvY2Vzcz1pbWFnZS9yZXNpemUsbV9maXhlZCxoXzM0NCx3XzM0NCxsaW1pdF8w,g_nw,x_428,y_143/watermark,image_YXNzZXQvaW1hZ2VzL21ldGFpbWFnZS1zb25nLnBuZw,g_nw,x_0,y_0",@MatthewLiu,音樂人,,,,1,117,,,,https://www.youtube.com/user/StreetVoiceTV,Alternative,,,,,"這是沒有提供歌詞的歌曲
留言（ 7 ） 最相關留言 所有留言
留言（ 7 ）",2026-07-19,,True,False,
2026-07-27 04:16:23,19,,,7,429,2,https://streetvoice.com/ripplesmusic/songs/868546/,https://streetvoice.com/ripplesmusic/,"https://akstatic.streetvoice.com/music_albums/ri/pp/ripplesmusic/QL3EWTBAmJYTvUDNDcePka.jpeg?x-oss-process=image/resize,m_fixed,h_1,w_1,limit_0/resize,m_fixed,h_630,w_1200,limit_0/watermark,image_bXVzaWNfYWxidW1zL3JpL3BwL3JpcHBsZXNtdXNpYy9RTDNFV1RCQW1KWVR2VURORGNlUGthLmpwZWc_eC1vc3MtcHJvY2Vzcz1pbWFnZS9yZXNpemUsbV9maXhlZCxoXzM0NCx3XzM0NCxsaW1pdF8w,g_nw,x_428,y_143/watermark,image_YXNzZXQvaW1hZ2VzL21ldGFpbWFnZS1zb25nLnBuZw,g_nw,x_0,y_0",@ripplesmusic,音樂人,台北市,2015-11-01,2021-06-04 17:58,4,114,2,https://www.facebook.com/jewelsinging,https://www.instagram.com/jewel_chang/,https://www.youtube.com/channel/UC5_lZwl2CbcFbXrMuIZGM1w,Folk,"新的過去舊的還在 A New Past,Linger",https://streetvoice.com/ripplesmusic/songs/album/97325651/,,"這是專輯最後一首歌，也是這張專輯寫下的最後一首歌。「我覺得我已經來到下一章。」說出這句話時，腦中書寫的療癒之旅也即將告一段落。過去幾年的梳理，時而向前時而退縮的狀態，想要訴說自己故事卻又來不及準備好的不確定，在那一刻像是豁然開朗。在這場「輕輕安放」的過程，仁與也在專輯之旅結識許多好友，在母親離開後，繼續用音樂和夥伴們一起前行。歌曲最後的大合唱是這場旅程中重要的夥伴們和聲。即使走過辛苦的這一遭，如果重來。還是願意做妳的小孩。 作詞 Lyricist｜張仁與 Jewel Chang 作曲 Composer｜張仁與 Jewel Chang 製作人 Producer｜趙宇晨 Asa Chao 編曲 Arranger｜蔣希夷 XiYi. Jiang 配唱製作人 Vocal Producer｜吳浚瑋 Genwie Wu 吉他 Guitars｜蔣希夷 XiYi. Jiang 貝斯 Bass｜ Peter Wu 鼓組 Drums｜李欣樺 Hsin Hua Lee 鼓技師 Drums Technician｜莊開旭 Cash Chuang 單簧管 Clarinet｜高杰 J Geddes 長笛 Flute｜高杰 J Geddes 和聲編寫 Backing Vocal Arrangement｜張仁與 Jewel Chang、趙宇晨 Asa Chao 和音 Backing Vocals｜張仁與 Jewel Chang 合唱 Chorus｜趙廣絜 KJ、謝蕎 Chiao、蔣希夷 XiYi. Jiang、李欣樺 Hsin Hua Lee、簡小豪 Kán Siáu-hô、陳以恆 Layman C.、曾紀華 Horsey Tseng、峻豪 Bonobo 錄音師 Recording Engineer｜李詠恩 Joshua Lee (Drums) 、趙宇晨 Asa Chao (Others) 錄音室 Recording Studio｜荒原錄音室 Wasteland Studio、SIDEBon Studio 人聲音訊編輯 Vocal Editing｜林彥慶 Yen 混音工程師 Mixing Engineer｜趙宇晨 Asa Chao 母帶後期工程師 Mastering Engineer｜莊鈞智 Thomas Chuang 
這是專輯最後一首歌，也是這張專輯寫下的最後一首歌。「我覺得我已經來到下一章。」說出這句話時，腦中書寫的療癒之旅也即將告一段落。過去幾年的梳理，時而向前時而退縮的狀態，想要訴說自己故事卻又來不及準備好的不確定，在那一刻像是豁然開朗。在這場「輕輕安放」的過程，仁與也在專輯之旅結識許多好友，在母親離開後，繼續用音樂和夥伴們一起前行。歌曲最後的大合唱是這場旅程中重要的夥伴們和聲。即使走過辛苦的這一遭，如果重來。還是願意做妳的小孩。
作詞 Lyricist｜張仁與 Jewel Chang 作曲 Composer｜張仁與 Jewel Chang 製作人 Producer｜趙宇晨 Asa Chao 編曲 Arranger｜蔣希夷 XiYi. Jiang 配唱製作人 Vocal Producer｜吳浚瑋 Genwie Wu 吉他 Guitars｜蔣希夷 XiYi. Jiang 貝斯 Bass｜ Peter Wu 鼓組 Drums｜李欣樺 Hsin Hua Lee 鼓技師 Drums Technician｜莊開旭 Cash Chuang 單簧管 Clarinet｜高杰 J Geddes 長笛 Flute｜高杰 J Geddes 和聲編寫 Backing Vocal Arrangement｜張仁與 Jewel Chang、趙宇晨 Asa Chao 和音 Backing Vocals｜張仁與 Jewel Chang 合唱 Chorus｜趙廣絜 KJ、謝蕎 Chiao、蔣希夷 XiYi. Jiang、李欣樺 Hsin Hua Lee、簡小豪 Kán Siáu-hô、陳以恆 Layman C.、曾紀華 Horsey Tseng、峻豪 Bonobo 錄音師 Recording Engineer｜李詠恩 Joshua Lee (Drums) 、趙宇晨 Asa Chao (Others) 錄音室 Recording Studio｜荒原錄音室 Wasteland Studio、SIDEBon Studio 人聲音訊編輯 Vocal Editing｜林彥慶 Yen 混音工程師 Mixing Engineer｜趙宇晨 Asa Chao 母帶後期工程師 Mastering Engineer｜莊鈞智 Thomas Chuang","詞曲 / 張仁與 我感覺我已經到了下一章 從來不需要最完美的結尾 我不再想著怎麼做你才不失望 但偶爾還希望你在場 我想我能接受 你成為我無法癒合的傷疤 這一生 我相信你一直活在我身上 如果能夠重來 如果能夠選擇 再出生一次 我願意經歷這個循環 我不畏懼現在 還能嚮往未來 但我想我該 輕輕安放這份孤單 我終於能笑著提起你的事 他們都清楚你對我的重量 我不再想著無法解決的後悔 我不再賦予新的意義 我想我能接受 你成為我無法癒合的傷疤 這一生 我相信你一直活在我身上 如果能夠重來 如果能夠選擇 再出生一次 我願意經歷這個循環 我不畏懼現在 還能嚮往未來 但我想我該 輕輕安放這份孤單 
詞曲 / 張仁與
我感覺我已經到了下一章 從來不需要最完美的結尾 我不再想著怎麼做你才不失望 但偶爾還希望你在場
我想我能接受 你成為我無法癒合的傷疤 這一生 我相信你一直活在我身上
如果能夠重來 如果能夠選擇 再出生一次 我願意經歷這個循環
我不畏懼現在 還能嚮往未來 但我想我該 輕輕安放這份孤單
我終於能笑著提起你的事 他們都清楚你對我的重量 我不再想著無法解決的後悔 我不再賦予新的意義
我想我能接受 你成為我無法癒合的傷疤 這一生 我相信你一直活在我身上
如果能夠重來 如果能夠選擇 再出生一次 我願意經歷這個循環
我不畏懼現在 還能嚮往未來 但我想我該 輕輕安放這份孤單
留言（ 2 ） 最相關留言 所有留言
留言（ 2 ）",2026-07-10,,True,True,
2026-07-27 04:16:23,20,,,1,167,0,https://streetvoice.com/jasper980827/songs/870870/,https://streetvoice.com/jasper980827/,"https://akstatic.streetvoice.com/song_covers/ja/sp/jasper980827/cy9a3YWxfxD3FdAFug7kWq.jpeg?x-oss-process=image/resize,m_fixed,h_1,w_1,limit_0/resize,m_fixed,h_630,w_1200,limit_0/watermark,image_c29uZ19jb3ZlcnMvamEvc3AvamFzcGVyOTgwODI3L2N5OWEzWVd4ZnhEM0ZkQUZ1ZzdrV3EuanBlZz94LW9zcy1wcm9jZXNzPWltYWdlL3Jlc2l6ZSxtX2ZpeGVkLGhfMzQ0LHdfMzQ0LGxpbWl0XzA,g_nw,x_428,y_143/watermark,image_YXNzZXQvaW1hZ2VzL21ldGFpbWFnZS1zb25nLnBuZw,g_nw,x_0,y_0",@jasper980827,音樂人,,,,6,21,10,,,https://www.youtube.com/user/StreetVoiceTV,Hip hop / Rap,,,,"Artist: NØIR Lyrics: NØIR Composer: NØIR Arrangement: Apai Producer: NØIR Recording Engineer: NØIR Mixing Engineer: NØIR Mastering Engineer: NØIR 
Artist: NØIR Lyrics: NØIR Composer: NØIR Arrangement: Apai Producer: NØIR Recording Engineer: NØIR Mixing Engineer: NØIR Mastering Engineer: NØIR","純白色的天空 走在路上聽著我的心跳節奏 你把我的心騙走 這份愛怎麼聯絡 說出口的時候真的十分懵懂 每天都騎著我的二手電瓶摩托 思考著如何面對自己的不成熟 手機看運勢星座 我能否讓你回頭 於是我果斷的就牽起你的左手 I know i know 路過了便利店 順手幫你帶愛吃的東西 看限動給你點的讚 那是最靦腆的表達方式 這條路會不會分岔 你笑著跟我說沒差 只要有你在多繞一下 時間也不那麼重要了 承認有時很浮躁 我的心被下了毒藥 靠近點別那麼害臊 又不會把你給吃掉 I think i fall in love 你猜 You Touch my heart deep inside 不太清楚對你的愛 我只是想要有你在 純白色的天空 走在路上聽著我的心跳節奏 你把我的心騙走 這份愛怎麼聯絡 說出口的時候真的十分懵懂 每天都騎著我的二手電瓶摩托 思考著如何面對自己的不成熟 手機看運勢星座 我能否讓你回頭 於是我果斷的就牽起你的左手 
純白色的天空 走在路上聽著我的心跳節奏 你把我的心騙走 這份愛怎麼聯絡 說出口的時候真的十分懵懂 每天都騎著我的二手電瓶摩托 思考著如何面對自己的不成熟 手機看運勢星座 我能否讓你回頭 於是我果斷的就牽起你的左手 I know i know 路過了便利店 順手幫你帶愛吃的東西 看限動給你點的讚 那是最靦腆的表達方式 這條路會不會分岔 你笑著跟我說沒差 只要有你在多繞一下 時間也不那麼重要了 承認有時很浮躁 我的心被下了毒藥 靠近點別那麼害臊 又不會把你給吃掉 I think i fall in love 你猜 You Touch my heart deep inside 不太清楚對你的愛 我只是想要有你在 純白色的天空 走在路上聽著我的心跳節奏 你把我的心騙走 這份愛怎麼聯絡 說出口的時候真的十分懵懂 每天都騎著我的二手電瓶摩托 思考著如何面對自己的不成熟 手機看運勢星座 我能否讓你回頭 於是我果斷的就牽起你的左手
留言（ 0 ） 最相關留言 所有留言
留言（ 0 ）",2026-07-25,,False,False,
2026-07-27 04:16:23,21,,,1,143,2,https://streetvoice.com/HamboG/songs/870939/,https://streetvoice.com/HamboG/,"https://akstatic.streetvoice.com/song_covers/Ha/mb/HamboG/5HYRsTqWwbAyw9RXy5mMxe.jpeg?x-oss-process=image/resize,m_fixed,h_1,w_1,limit_0/resize,m_fixed,h_630,w_1200,limit_0/watermark,image_c29uZ19jb3ZlcnMvSGEvbWIvSGFtYm9HLzVIWVJzVHFXd2JBeXc5Ulh5NW1NeGUuanBlZz94LW9zcy1wcm9jZXNzPWltYWdlL3Jlc2l6ZSxtX2ZpeGVkLGhfMzQ0LHdfMzQ0LGxpbWl0XzA,g_nw,x_428,y_143/watermark,image_YXNzZXQvaW1hZ2VzL21ldGFpbWFnZS1zb25nLnBuZw,g_nw,x_0,y_0",@HamboG,音樂人,,,,2,2,1,,,https://www.youtube.com/user/StreetVoiceTV,Hip hop / Rap,,,,"編曲：漢堡雞 詞曲：漢堡雞 演唱：漢堡雞 混音：漢堡雞 
編曲：漢堡雞 詞曲：漢堡雞 演唱：漢堡雞 混音：漢堡雞","Yeah… Yeah… I been trying to find a way out Shadows dancing when the lights out 有許多bad thoughts 竄梭in my brain 試著改變 but always stay the same Even 懷疑自己是否有明天 總是拉扯在夢和現實之間 Dark clouds hanging over my soul 想要變好卻越難受 想關關過但卻關關難過 Maybe I’m too fucked up, yeah nobody knows 麻痹 代替 夢還不想醒來 就能 回到 還沒失去愛 如果沒現在 怎麼談以後 Same people changed when the pain involved I can feel my chest cave in slowly 命運是否真的在我手裡 Couldn’t exhale 的感覺很熟悉 心糾在一塊 像是在抽筋 Late nights hitting pen with emotions 不想承認 what I  love was poison 我也不想辜負我的愛人 Tryna find peace but I love the violence [Pre-Hook] And I can’t lie 有時也希望時光能夠重來 One more high Maybe I can touch the sky before I crash tonight 很多bad thoughts 竄梭in my brain 試著改變 but always stay the same Even 懷疑自己是否有明天 總是拉扯在夢和現實之間 Dark clouds hanging over my soul 想要變好卻越難受 想關關過但卻關關難過 Maybe I’m too fucked up, yeah nobody knows 不知道經過了多少波折 才會讓自己就走到了這 怎樣能自己來克服挫折 寫一首不再是emo的歌 我想要放慢腳步 但我呼吸時常很焦促 我想學會和自己相處 我的情緒我想自己照顧 我知道是我自己的錯 這樣的結果我還能夠接受 現在的痛苦以前這樣種 只求別再我愛的給帶走 逐漸losing smile on my face 我應該怎樣做才對 正在trying to let go 感覺也是時候放手 一切都是為了以後 不想一直被情緒給牽著走 怎樣才能不再trapped in my head Strive hard無論是否能夠有明天 I been fighting wars inside my brain And I feel like failing every single day 許多bad thoughts 竄梭in my brain 試著改變 but always stay the same Even 懷疑自己是否有明天 總是拉扯在夢和現實之間 Dark clouds hanging over my soul 想要變好卻越難受 想關關過但卻關關難過 Maybe I’m too fucked up, yeah nobody knows Yeah… Too far gone Nobody knows Nobody knows… 
Yeah… Yeah… I been trying to find a way out Shadows dancing when the lights out
有許多bad thoughts 竄梭in my brain 試著改變 but always stay the same Even 懷疑自己是否有明天 總是拉扯在夢和現實之間 Dark clouds hanging over my soul 想要變好卻越難受 想關關過但卻關關難過 Maybe I’m too fucked up, yeah nobody knows
麻痹 代替 夢還不想醒來 就能 回到 還沒失去愛 如果沒現在 怎麼談以後 Same people changed when the pain involved I can feel my chest cave in slowly 命運是否真的在我手裡 Couldn’t exhale 的感覺很熟悉 心糾在一塊 像是在抽筋 Late nights hitting pen with emotions 不想承認 what I  love was poison 我也不想辜負我的愛人 Tryna find peace but I love the violence [Pre-Hook] And I can’t lie 有時也希望時光能夠重來 One more high Maybe I can touch the sky before I crash tonight
很多bad thoughts 竄梭in my brain 試著改變 but always stay the same Even 懷疑自己是否有明天 總是拉扯在夢和現實之間 Dark clouds hanging over my soul 想要變好卻越難受 想關關過但卻關關難過 Maybe I’m too fucked up, yeah nobody knows
不知道經過了多少波折 才會讓自己就走到了這 怎樣能自己來克服挫折 寫一首不再是emo的歌
我想要放慢腳步 但我呼吸時常很焦促 我想學會和自己相處 我的情緒我想自己照顧
我知道是我自己的錯 這樣的結果我還能夠接受 現在的痛苦以前這樣種 只求別再我愛的給帶走
逐漸losing smile on my face 我應該怎樣做才對
正在trying to let go 感覺也是時候放手 一切都是為了以後 不想一直被情緒給牽著走
怎樣才能不再trapped in my head Strive hard無論是否能夠有明天 I been fighting wars inside my brain And I feel like failing every single day
許多bad thoughts 竄梭in my brain 試著改變 but always stay the same Even 懷疑自己是否有明天 總是拉扯在夢和現實之間 Dark clouds hanging over my soul 想要變好卻越難受 想關關過但卻關關難過 Maybe I’m too fucked up, yeah nobody knows
Yeah… Too far gone Nobody knows Nobody knows…
留言（ 2 ） 最相關留言 所有留言
留言（ 2 ）",2026-07-24,,False,False,
2026-07-27 04:16:23,22,,,7,322,5,https://streetvoice.com/minzer_c_lee/songs/870966/,https://streetvoice.com/minzer_c_lee/,"https://akstatic.streetvoice.com/song_covers/mi/nz/minzer_c_lee/5emUCTnYnvmpKHG2N6fJaj.jpeg?x-oss-process=image/resize,m_fixed,h_1,w_1,limit_0/resize,m_fixed,h_630,w_1200,limit_0/watermark,image_c29uZ19jb3ZlcnMvbWkvbnovbWluemVyX2NfbGVlLzVlbVVDVG5ZbnZtcEtIRzJONmZKYWouanBlZz94LW9zcy1wcm9jZXNzPWltYWdlL3Jlc2l6ZSxtX2ZpeGVkLGhfMzQ0LHdfMzQ0LGxpbWl0XzA,g_nw,x_428,y_143/watermark,image_YXNzZXQvaW1hZ2VzL21ldGFpbWFnZS1zb25nLnBuZw,g_nw,x_0,y_0",@minzer_c_lee,音樂人,,,,2,4,9,,,https://www.youtube.com/user/StreetVoiceTV,Dance,,,,"獨自一人在營地裡，喝著加了威士忌、配烤棉花糖的熱可可。 柴火對面，出現一個輪廓很深的人影。那一刻，我的心跳掉了四分之三拍。 我拿起酒瓶和鋼杯致意。 他笑了。 音樂上，故事開始。 By morning, he declined the featured-artist credit. 
獨自一人在營地裡，喝著加了威士忌、配烤棉花糖的熱可可。
柴火對面，出現一個輪廓很深的人影。那一刻，我的心跳掉了四分之三拍。
我拿起酒瓶和鋼杯致意。
他笑了。
音樂上，故事開始。
By morning, he declined the featured-artist credit.","這是沒有提供歌詞的歌曲
留言（ 5 ） 最相關留言 所有留言
留言（ 5 ）",2026-07-24,,False,False,
2026-07-27 04:16:23,23,,,2,165,0,https://streetvoice.com/CircusBraintly/songs/870497/,https://streetvoice.com/CircusBraintly/,"https://akstatic.streetvoice.com/music_albums/Ci/rc/CircusBraintly/TXUgHHKwLEW38cMjanSAjS.jpeg?x-oss-process=image/resize,m_fixed,h_1,w_1,limit_0/resize,m_fixed,h_630,w_1200,limit_0/watermark,image_bXVzaWNfYWxidW1zL0NpL3JjL0NpcmN1c0JyYWludGx5L1RYVWdISEt3TEVXMzhjTWphblNBalMuanBlZz94LW9zcy1wcm9jZXNzPWltYWdlL3Jlc2l6ZSxtX2ZpeGVkLGhfMzQ0LHdfMzQ0LGxpbWl0XzA,g_nw,x_428,y_143/watermark,image_YXNzZXQvaW1hZ2VzL21ldGFpbWFnZS1zb25nLnBuZw,g_nw,x_0,y_0",@CircusBraintly,音樂人,台中市,2008-04-01,,5,2153,3,,,https://www.youtube.com/user/StreetVoiceTV,Rock,"The Good News, The Bad News & The Fake",https://streetvoice.com/CircusBraintly/songs/album/97325736/,,"在虛擬世界中，為了盲目追求流量而不擇手段、喪失底線的人們，他們深深掌握了操弄點閱率、演算法與大眾眼球的方法。然而，在這些出賣靈魂的投機行為背後，為了將自己的沉淪合理化，他們便美其名為一場為了成為「更好的我」所做的蛻變與進化。樂團透過這首充滿強烈自嘲與反詰的作品，對當代網路社會發出最沉重的叩問：當靈魂與個性被數據吞噬殆盡，這樣的你，真的變得更好了嗎？ ""關注我，就能讓你成為更好的人!"" 
在虛擬世界中，為了盲目追求流量而不擇手段、喪失底線的人們，他們深深掌握了操弄點閱率、演算法與大眾眼球的方法。然而，在這些出賣靈魂的投機行為背後，為了將自己的沉淪合理化，他們便美其名為一場為了成為「更好的我」所做的蛻變與進化。樂團透過這首充滿強烈自嘲與反詰的作品，對當代網路社會發出最沉重的叩問：當靈魂與個性被數據吞噬殆盡，這樣的你，真的變得更好了嗎？
""關注我，就能讓你成為更好的人!""","為了成為更好的人 我早已不是我自己 為了更崇高的理想 我甚至丟了我的個性 誰會把自己弄得像個小丑就為了逗你開心？ 誰會把自己搞得像個混蛋只為了惹你生氣？ 而你也真瞎 我隨便哄你就隨便笑得像朵花 而你也真傻 我三兩句話就讓你氣得飆高血壓 對啊對啊 貼我標籤吧 對啊對啊 你說的都對啦 對啊對啊 我就是個人渣 對啊對啊 大家講你就跟著講 哈哈 為了成為更好的人 我學會出賣我自己 為了更崇高的位置 我也學會怎麼放下情緒 我把自己弄得像個小丑就為了逗你開心？ 我把自己搞得像個混蛋只為了惹你生氣？ 而你也真瞎 我隨便哄你就隨便笑得像朵花 而你也真傻 我三兩句話就讓你氣得飆高血壓 對啊對啊 貼我標籤吧（貼你標籤吧） 對啊對啊 你說的都對啦（我說的都對啦） 對啊對啊 我就是個人渣（你就是個人渣） 對啊對啊 大家講你就跟著講啊（大家講我就跟著講啊） 對啊對啊 都怪罪我吧（都怪罪你吧） 對啊對啊 我說的都錯啦（你說的都對啦） 不如乾脆 敗類就我來當（敗類就你來當） 把你心中所有不爽都讓我扛 你比較開心嗎 更好的人 更好的人 
為了成為更好的人 我早已不是我自己 為了更崇高的理想 我甚至丟了我的個性
誰會把自己弄得像個小丑就為了逗你開心？ 誰會把自己搞得像個混蛋只為了惹你生氣？
而你也真瞎 我隨便哄你就隨便笑得像朵花 而你也真傻 我三兩句話就讓你氣得飆高血壓
對啊對啊 貼我標籤吧 對啊對啊 你說的都對啦 對啊對啊 我就是個人渣 對啊對啊 大家講你就跟著講 哈哈
為了成為更好的人 我學會出賣我自己 為了更崇高的位置 我也學會怎麼放下情緒
我把自己弄得像個小丑就為了逗你開心？ 我把自己搞得像個混蛋只為了惹你生氣？
而你也真瞎 我隨便哄你就隨便笑得像朵花 而你也真傻 我三兩句話就讓你氣得飆高血壓
對啊對啊 貼我標籤吧（貼你標籤吧） 對啊對啊 你說的都對啦（我說的都對啦） 對啊對啊 我就是個人渣（你就是個人渣） 對啊對啊 大家講你就跟著講啊（大家講我就跟著講啊）
對啊對啊 都怪罪我吧（都怪罪你吧） 對啊對啊 我說的都錯啦（你說的都對啦） 不如乾脆 敗類就我來當（敗類就你來當） 把你心中所有不爽都讓我扛 你比較開心嗎
更好的人 更好的人
留言（ 0 ） 最相關留言 所有留言
留言（ 0 ）",2026-07-22,,True,False,
2026-07-27 04:16:23,24,,,1,28,2,https://streetvoice.com/tarzanli0213/songs/871173/,https://streetvoice.com/tarzanli0213/,"https://akstatic.streetvoice.com/song_covers/ta/rz/tarzanli0213/ECJ8erpXhCbhcRngsRuGcV.jpeg?x-oss-process=image/resize,m_fixed,h_1,w_1,limit_0/resize,m_fixed,h_630,w_1200,limit_0/watermark,image_c29uZ19jb3ZlcnMvdGEvcnovdGFyemFubGkwMjEzL0VDSjhlcnBYaENiaGNSbmdzUnVHY1YuanBlZz94LW9zcy1wcm9jZXNzPWltYWdlL3Jlc2l6ZSxtX2ZpeGVkLGhfMzQ0LHdfMzQ0LGxpbWl0XzA,g_nw,x_428,y_143/watermark,image_YXNzZXQvaW1hZ2VzL21ldGFpbWFnZS1zb25nLnBuZw,g_nw,x_0,y_0",@tarzanli0213,音樂人,,,,,,,,,https://www.youtube.com/user/StreetVoiceTV,Rock,,,,"人聲錄製：賴啟軒 封面：我前女友拍的 作曲編曲那些有的沒有的：泰杉 
人聲錄製：賴啟軒 封面：我前女友拍的 作曲編曲那些有的沒有的：泰杉","那些回不來的瞬間 只能懷念 兩百公里的孤獨 吹著風 走在河邊的路 那些回憶的碎片 散落在眼前 要我怎麼說再見 吻別我 含著淚放手 我會自己面對世界 讓我道別 兩百公里的孤獨 
那些回不來的瞬間 只能懷念 兩百公里的孤獨
吹著風 走在河邊的路 那些回憶的碎片 散落在眼前 要我怎麼說再見 吻別我 含著淚放手 我會自己面對世界 讓我道別 兩百公里的孤獨
留言（ 2 ） 最相關留言 所有留言
留言（ 2 ）",2026-07-26,,False,False,
2026-07-27 04:16:23,25,,,28,2849,5,https://streetvoice.com/echo/songs/867916/,https://streetvoice.com/echo/,"https://akstatic.streetvoice.com/song_covers/ec/ho/echo/5x8526KFGgMHkL5XLA3wUo.jpeg?x-oss-process=image/resize,m_fixed,h_1,w_1,limit_0/resize,m_fixed,h_630,w_1200,limit_0/watermark,image_c29uZ19jb3ZlcnMvZWMvaG8vZWNoby81eDg1MjZLRkdnTUhrTDVYTEEzd1VvLmpwZWc_eC1vc3MtcHJvY2Vzcz1pbWFnZS9yZXNpemUsbV9maXhlZCxoXzM0NCx3XzM0NCxsaW1pdF8w,g_nw,x_428,y_143/watermark,image_YXNzZXQvaW1hZ2VzL21ldGFpbWFnZS1zb25nLnBuZw,g_nw,x_0,y_0",@echo,音樂人,台北市,2006-01-01,,19,1659,,,,https://www.youtube.com/user/StreetVoiceTV,Rock,,,,"因為我如此愛你，穿越光年也要見你一面 回聲樂團 Echo of Your Soul 新專輯《靈魂的回聲》已數位發行 08.29 台北Legacy 專輯首唱 
因為我如此愛你，穿越光年也要見你一面
回聲樂團 Echo of Your Soul 新專輯《靈魂的回聲》已數位發行
08.29 台北Legacy 專輯首唱","動態歌詞
你是一個夜晚 等待星空的盛開 在光與暗的糾纏 懸然未決的片段 就讓我成為你一瞬間的斑斕 在這宇宙長流短促相逢的塵埃 Because I love you so And I think you know Because I love you so Let me be your glow Because I love you so With every rhythm I’m gonna let it flow Until the end of time Because I love you so 也許相遇過後只剩無常的詠嘆 但若你記得我 我就會存在 Because I love you so And I think you know Because I love you so Let me be your glow Because I love you so With every rhythm I’m gonna let it flow Until the end of time Because I love you so 
你是一個夜晚 等待星空的盛開 在光與暗的糾纏 懸然未決的片段 就讓我成為你一瞬間的斑斕 在這宇宙長流短促相逢的塵埃 Because I love you so And I think you know Because I love you so Let me be your glow Because I love you so With every rhythm I’m gonna let it flow Until the end of time Because I love you so 也許相遇過後只剩無常的詠嘆 但若你記得我 我就會存在 Because I love you so And I think you know Because I love you so Let me be your glow Because I love you so With every rhythm I’m gonna let it flow Until the end of time Because I love you so
留言（ 5 ） 最相關留言 所有留言
留言（ 5 ）",2026-07-06,,True,True,
2026-07-27 04:16:23,26,,,3,140,1,https://streetvoice.com/kusyoualreadyknow/songs/870053/,https://streetvoice.com/kusyoualreadyknow/,"https://akstatic.streetvoice.com/music_albums/ku/sy/kusyoualreadyknow/TMgBEqyZFtvgEqGz9em95N.jpeg?x-oss-process=image/resize,m_fixed,h_1,w_1,limit_0/resize,m_fixed,h_630,w_1200,limit_0/watermark,image_bXVzaWNfYWxidW1zL2t1L3N5L2t1c3lvdWFscmVhZHlrbm93L1RNZ0JFcXlaRnR2Z0VxR3o5ZW05NU4uanBlZz94LW9zcy1wcm9jZXNzPWltYWdlL3Jlc2l6ZSxtX2ZpeGVkLGhfMzQ0LHdfMzQ0LGxpbWl0XzA,g_nw,x_428,y_143/watermark,image_YXNzZXQvaW1hZ2VzL21ldGFpbWFnZS1zb25nLnBuZw,g_nw,x_0,y_0",@kusyoualreadyknow,音樂人,台北市,2019-09-01,,1,16,11,,,https://www.youtube.com/user/StreetVoiceTV,Hip hop / Rap,EKKO,https://streetvoice.com/kusyoualreadyknow/songs/album/97325720/,,,"花 在夜空綻放的花 伴隨希望寄託落下 只一瞬間的光景 就消逝像曇花 苟且偷生的人啊 經過多少苦難掙扎 餘燼燃盡剩牽掛 再由生命蒸發 等不到它回答 堵住的心裡話 說不來啊 只一瞬間的光景 又一次觸景傷情 再沿著路回家 朝著天空許個願 爲了錢 為了未來好一點 這之前 還在消磨過著一天又一天 難道一切就會變好 造就不同時間線 所以說 夠了 只是願望的投射 是會還不會 絕對比其他人看得透徹 當已經注定 髒的髒 清的清 不會改變 就算 慌了張 靜了心 依然困在原先 死胡同裡面 看著遠處天空 煙火散成線 當你準備想要向前 追逐 散落的光線 轉眼間發現 下秒都不見 就像你要走的路 比想像還要的近 別人全都跟你說了 但你什麼都不信 直到羞愧轉為生氣 連話都說不清 最後才來後悔 給你的懲罰不痛不輕 畢竟你什麼都不聽 願望點燃後 上升化成煙 只祈求心愛的人在身邊 踩著影子奔跑 以為追上日落的光 放大自身的紛擾 無病呻吟自作惆悵 怕太過赤裸 選擇躲避一切見不得光 識破了裝扮後無奈只能望向天上的 花 在夜空綻放的花 伴隨希望寄託落下 只一瞬間的光景 就消逝像曇花 苟且偷生的人啊 經過多少苦難掙扎 餘燼燃盡剩牽掛 再由生命蒸發 願望點燃後 上升化成煙 只祈求心愛的人在身邊 一切過後才明白那瞬間 看著鏡子卻不清楚他的臉 
花 在夜空綻放的花 伴隨希望寄託落下 只一瞬間的光景 就消逝像曇花 苟且偷生的人啊 經過多少苦難掙扎 餘燼燃盡剩牽掛 再由生命蒸發
等不到它回答 堵住的心裡話 說不來啊 只一瞬間的光景 又一次觸景傷情 再沿著路回家
朝著天空許個願 爲了錢 為了未來好一點 這之前 還在消磨過著一天又一天 難道一切就會變好 造就不同時間線 所以說 夠了 只是願望的投射 是會還不會 絕對比其他人看得透徹 當已經注定 髒的髒 清的清 不會改變 就算 慌了張 靜了心 依然困在原先 死胡同裡面 看著遠處天空 煙火散成線 當你準備想要向前 追逐 散落的光線 轉眼間發現 下秒都不見 就像你要走的路 比想像還要的近 別人全都跟你說了 但你什麼都不信 直到羞愧轉為生氣 連話都說不清 最後才來後悔 給你的懲罰不痛不輕 畢竟你什麼都不聽
願望點燃後 上升化成煙 只祈求心愛的人在身邊 踩著影子奔跑 以為追上日落的光 放大自身的紛擾 無病呻吟自作惆悵 怕太過赤裸 選擇躲避一切見不得光 識破了裝扮後無奈只能望向天上的
花 在夜空綻放的花 伴隨希望寄託落下 只一瞬間的光景 就消逝像曇花 苟且偷生的人啊 經過多少苦難掙扎 餘燼燃盡剩牽掛 再由生命蒸發
願望點燃後 上升化成煙 只祈求心愛的人在身邊 一切過後才明白那瞬間 看著鏡子卻不清楚他的臉
留言（ 1 ） 最相關留言 所有留言
留言（ 1 ）",2026-07-19,,True,False,
2026-07-27 04:16:23,27,,,1,144,0,https://streetvoice.com/CircusBraintly/songs/870498/,https://streetvoice.com/CircusBraintly/,"https://akstatic.streetvoice.com/music_albums/Ci/rc/CircusBraintly/TXUgHHKwLEW38cMjanSAjS.jpeg?x-oss-process=image/resize,m_fixed,h_1,w_1,limit_0/resize,m_fixed,h_630,w_1200,limit_0/watermark,image_bXVzaWNfYWxidW1zL0NpL3JjL0NpcmN1c0JyYWludGx5L1RYVWdISEt3TEVXMzhjTWphblNBalMuanBlZz94LW9zcy1wcm9jZXNzPWltYWdlL3Jlc2l6ZSxtX2ZpeGVkLGhfMzQ0LHdfMzQ0LGxpbWl0XzA,g_nw,x_428,y_143/watermark,image_YXNzZXQvaW1hZ2VzL21ldGFpbWFnZS1zb25nLnBuZw,g_nw,x_0,y_0",@CircusBraintly,音樂人,台中市,2008-04-01,,6,2630,4,,,https://www.youtube.com/user/StreetVoiceTV,Folk,"The Good News, The Bad News & The Fake",https://streetvoice.com/CircusBraintly/songs/album/97325736/,,"嘲諷網路敲鍵盤者「假理智、真憤怒」的虛偽嘴臉。精準解構現代人在社群上打字寫著「笑死」實則內心暴怒，講得一臉平靜其實最不冷靜的分裂狀態。 ""當你說笑死的時候，我多希望你是真的有在笑。"" 
嘲諷網路敲鍵盤者「假理智、真憤怒」的虛偽嘴臉。精準解構現代人在社群上打字寫著「笑死」實則內心暴怒，講得一臉平靜其實最不冷靜的分裂狀態。
""當你說笑死的時候，我多希望你是真的有在笑。""","Woah Judy Judy Judy why you so pissed off like this? 你知道世界就是這樣運行 生命十之八九不如人意 Woah Judy Judy Judy why you so pissed off like this? 等你放下情緒也許我們還可以坐下來好好談心 So shut the F___ UP and chill the F___ OUT Before you screw the F___ UP you better calm the F___ DOWN (這裡放一段快樂的SOLO) So shut the F___ UP and chill the F___ OUT Before you screw the F___ UP you better calm the F___ DOWN Woah Judy Judy Judy why you so pissed off like this? 你知道世界就是這樣運行 生命十之八九不如人意 So shut the F___ UP and chill the F___ OUT Before you screw the F___ UP you better calm the F___ DOWN 
Woah Judy Judy Judy why you so pissed off like this? 你知道世界就是這樣運行 生命十之八九不如人意
Woah Judy Judy Judy why you so pissed off like this? 等你放下情緒也許我們還可以坐下來好好談心
So shut the F___ UP and chill the F___ OUT Before you screw the F___ UP you better calm the F___ DOWN
(這裡放一段快樂的SOLO)
So shut the F___ UP and chill the F___ OUT Before you screw the F___ UP you better calm the F___ DOWN
Woah Judy Judy Judy why you so pissed off like this? 你知道世界就是這樣運行 生命十之八九不如人意
So shut the F___ UP and chill the F___ OUT Before you screw the F___ UP you better calm the F___ DOWN
留言（ 0 ） 最相關留言 所有留言
留言（ 0 ）",2026-07-22,,True,False,
2026-07-27 04:16:23,28,,,1,11,0,https://streetvoice.com/luojay13/songs/871133/,https://streetvoice.com/luojay13/,"https://akstatic.streetvoice.com/music_albums/lu/oj/luojay13/ekuPbQsy9gF4kHZ25CeCds.jpg?x-oss-process=image/resize,m_fixed,h_1,w_1,limit_0/resize,m_fixed,h_630,w_1200,limit_0/watermark,image_bXVzaWNfYWxidW1zL2x1L29qL2x1b2pheTEzL2VrdVBiUXN5OWdGNGtIWjI1Q2VDZHMuanBnP3gtb3NzLXByb2Nlc3M9aW1hZ2UvcmVzaXplLG1fZml4ZWQsaF8zNDQsd18zNDQsbGltaXRfMA,g_nw,x_428,y_143/watermark,image_YXNzZXQvaW1hZ2VzL21ldGFpbWFnZS1zb25nLnBuZw,g_nw,x_0,y_0",@luojay13,音樂人,墨西哥,2025-12-01,,1,1,,,,https://www.youtube.com/user/StreetVoiceTV,Experimental,去當兵,https://streetvoice.com/luojay13/songs/album/97325762/,吳尚杰JAYWU、HG、飛人麥可喬登,"體測是一首把軍中的熱血與中二感放到最大的作品。明明只是一次測驗，卻彷彿置身動作電影，每個人都幻想自己是最猛的那一個。配上 Michael Bay 般誇張的爆炸感，把那股「今天我要當全連最強」的自信全部放大。 
體測是一首把軍中的熱血與中二感放到最大的作品。明明只是一次測驗，卻彷彿置身動作電影，每個人都幻想自己是最猛的那一個。配上 Michael Bay 般誇張的爆炸感，把那股「今天我要當全連最強」的自信全部放大。","ॐ ह्रीं श्रीं क्लीं ऐं नमः । सर्वं शान्तिः सर्वं ज्योतिः सर्वं शून्यम् । अन्तः प्रकाशः बहिः अन्धकारः । कालः अनन्तः जीवनम् अनित्यं स्मृतिः नित्यं । ॐ ह्रीं क्लीं श्रीं स्वाहा ॥ ॐ नमो भगवते महायोगिने । सत्यं शिवं सुन्दरम् । ज्ञानं प्रकाशः चित्तं निर्वाणम् । अहं पश्यामि कालस्य मार्गम् । सर्वे भवन्तु मुक्ताः । ॐ नमः ॥ शून्यता शून्यता शून्यता । अनन्तम् अनन्तम् अनन्तम् । ध्यानम् मौनम् चैतन्यम् । सर्वं गतं सर्वं पुनः आगच्छति । जीवनस्य चक्रं न कदापि तिष्ठति ॥ ह्रीं क्लीं श्रीं ऐं । त्र्यम्बकं ज्योतिरात्मानं नमामि । सर्वं ब्रह्म सर्वं ज्योतिः सर्वं मौनम् । ॐ शान्तिः शान्तिः शान्तिः ॥ ॐ ह्रीं श्रीं क्लीं ऐं स्वाहा । ज्ञानं परमं बलम् । मृत्युः न अन्तः केवलं परिवर्तनम् । कालचक्रं अनवरतम् भ्रमति । स्मृतयः नश्यन्ति किन्तु स्वरः अवशिष्यते । ॐ नमः शिवाय । ॐ शान्तिः शान्तिः शान्तिः ॥ 
ॐ ह्रीं श्रीं क्लीं ऐं नमः । सर्वं शान्तिः सर्वं ज्योतिः सर्वं शून्यम् । अन्तः प्रकाशः बहिः अन्धकारः । कालः अनन्तः जीवनम् अनित्यं स्मृतिः नित्यं । ॐ ह्रीं क्लीं श्रीं स्वाहा ॥
ॐ नमो भगवते महायोगिने । सत्यं शिवं सुन्दरम् । ज्ञानं प्रकाशः चित्तं निर्वाणम् । अहं पश्यामि कालस्य मार्गम् । सर्वे भवन्तु मुक्ताः । ॐ नमः ॥
शून्यता शून्यता शून्यता । अनन्तम् अनन्तम् अनन्तम् । ध्यानम् मौनम् चैतन्यम् । सर्वं गतं सर्वं पुनः आगच्छति । जीवनस्य चक्रं न कदापि तिष्ठति ॥
ह्रीं क्लीं श्रीं ऐं । त्र्यम्बकं ज्योतिरात्मानं नमामि । सर्वं ब्रह्म सर्वं ज्योतिः सर्वं मौनम् । ॐ शान्तिः शान्तिः शान्तिः ॥
ॐ ह्रीं श्रीं क्लीं ऐं स्वाहा । ज्ञानं परमं बलम् । मृत्युः न अन्तः केवलं परिवर्तनम् । कालचक्रं अनवरतम् भ्रमति । स्मृतयः नश्यन्ति किन्तु स्वरः अवशिष्यते । ॐ नमः शिवाय । ॐ शान्तिः शान्तिः शान्तिः ॥
留言（ 0 ） 最相關留言 所有留言
留言（ 0 ）",2026-07-26,,False,False,
2026-07-27 04:16:23,29,,,1,26,0,https://streetvoice.com/LouisSyntheticChen/songs/871050/,https://streetvoice.com/LouisSyntheticChen/,"https://akstatic.streetvoice.com/song_covers/Lo/ui/LouisSyntheticChen/afLP9UgbNLFDR7zQoph22y.jpg?x-oss-process=image/resize,m_fixed,h_1,w_1,limit_0/resize,m_fixed,h_630,w_1200,limit_0/watermark,image_c29uZ19jb3ZlcnMvTG8vdWkvTG91aXNTeW50aGV0aWNDaGVuL2FmTFA5VWdiTkxGRFI3elFvcGgyMnkuanBnP3gtb3NzLXByb2Nlc3M9aW1hZ2UvcmVzaXplLG1fZml4ZWQsaF8zNDQsd18zNDQsbGltaXRfMA,g_nw,x_428,y_143/watermark,image_YXNzZXQvaW1hZ2VzL21ldGFpbWFnZS1zb25nLnBuZw,g_nw,x_0,y_0",@LouisSyntheticChen,音樂人,宜蘭縣,2024-07-01,,3,3,2,,,https://www.youtube.com/user/StreetVoiceTV,Alternative,,,Eriii,"淡江大橋蓋好了，好像有幫助交通，讚讚。 
淡江大橋蓋好了，好像有幫助交通，讚讚。","Touch me Feel me In your hands Kiss me Love me When we dance You see the sunrise We will be alright  Uh ah ah~ Dreamin bout you tonight 
Touch me Feel me In your hands
Kiss me Love me When we dance
You see the sunrise We will be alright  Uh ah ah~
Dreamin bout you tonight
留言（ 0 ） 最相關留言 所有留言
留言（ 0 ）",2026-07-25,,False,False,
2026-07-27 04:16:23,30,,,49,2305,8,https://streetvoice.com/danhsueh/songs/867882/,https://streetvoice.com/danhsueh/,"https://akstatic.streetvoice.com/song_covers/da/nh/danhsueh/m9GhScPzMq4qoHHGGuHUbY.jpeg?x-oss-process=image/resize,m_fixed,h_1,w_1,limit_0/resize,m_fixed,h_630,w_1200,limit_0/watermark,image_c29uZ19jb3ZlcnMvZGEvbmgvZGFuaHN1ZWgvbTlHaFNjUHpNcTRxb0hIR0d1SFViWS5qcGVnP3gtb3NzLXByb2Nlc3M9aW1hZ2UvcmVzaXplLG1fZml4ZWQsaF8zNDQsd18zNDQsbGltaXRfMA,g_nw,x_428,y_143/watermark,image_YXNzZXQvaW1hZ2VzL21ldGFpbWFnZS1zb25nLnBuZw,g_nw,x_0,y_0",@danhsueh,音樂人,台北市,2019-10-01,2021-07-25 07:39,2,130,2,https://www.facebook.com/danvoix/,https://www.instagram.com/danhsueh,https://www.youtube.com/@DanHsueh,Hip hop / Rap,,,,"夜再深，也會有出口。 黑夜從來不是終點， 而是通往黎明的必經之路。 aDAN x Gummy B 合作單曲〈出口 Way Out〉 2026.07.14 全平台發行中 - 詞 Lyricist｜薛詒丹 Dan Hsueh、黃立堯 曲 Composer｜薛詒丹 Dan Hsueh、黃立堯 編曲 Arranger｜Sōryo 鋼琴 Piano｜楊博涵 Patrick Yang 和聲 Backing Vocals｜薛詒丹 Dan Hsueh 人聲錄音師 Recording Engineer (aDAN Vocals)｜葉育軒 YuHsuan Yeh 人聲錄音室 Recording Studio (aDAN Vocals)｜白金錄音室 Platinum Studio 人聲編輯 Vocal Editing｜葉育軒 YuHsuan Yeh 混音師 Mixing Engineer｜Sōryo 母帶後期處理工程師 Mastering Engineer｜Wayson Scream 製作人 Producer｜薛詒丹 Dan Hsueh 封面設計 Cover Deisgn｜Rex Hao 郝御翔 
夜再深，也會有出口。
黑夜從來不是終點， 而是通往黎明的必經之路。
aDAN x Gummy B 合作單曲〈出口 Way Out〉 2026.07.14 全平台發行中
-
詞 Lyricist｜薛詒丹 Dan Hsueh、黃立堯 曲 Composer｜薛詒丹 Dan Hsueh、黃立堯 編曲 Arranger｜Sōryo 鋼琴 Piano｜楊博涵 Patrick Yang 和聲 Backing Vocals｜薛詒丹 Dan Hsueh 人聲錄音師 Recording Engineer (aDAN Vocals)｜葉育軒 YuHsuan Yeh 人聲錄音室 Recording Studio (aDAN Vocals)｜白金錄音室 Platinum Studio 人聲編輯 Vocal Editing｜葉育軒 YuHsuan Yeh 混音師 Mixing Engineer｜Sōryo 母帶後期處理工程師 Mastering Engineer｜Wayson Scream 製作人 Producer｜薛詒丹 Dan Hsueh
封面設計 Cover Deisgn｜Rex Hao 郝御翔","走過漫無人煙的路口 看過最後一次的煙火 聽過吵鬧世界給我的沈默 不曾輕易放棄過什麼 命運卻始終閃躲 只有 幸運的人成為歌頌 曲終人散記憶中的輪廓 越來越遙遠 那些過去的畫面 反覆出現又不見 改變不過是相對 那就換一種方式紀念 傷要收斂 剩下的交給時間 不再迴避那前方 日落的盡頭 夜再深也會有出口 不再迴避那前方 日落的盡頭 夜再深也會有出口 也會有出口 日落後的世界換我駐守 哪裡有光 就往那飛蛾撲火 總想要回到過去彌補那些如果 但這世界哪有這麼多的如果 都可以改變 如果全沒了 還怎麼懷念 如果選對了 當初的彩券 我想我可能我不會再是我 只會變得討厭 唉 看到東方的天空又變白 看到身邊的妳 還在睡 他們已經往前 我還在緬懷 嫌我太慢 抱歉別怪罪 我會注意身體 不操太累 我會注意界線 不搞曖昧 我會把所有阻礙 一腳踩碎 Bang 曲終人散記憶中的輪廓 越來越遙遠 那些過去的畫面 反覆出現又不見 改變不過是相對 那就換一種方式紀念 傷要收斂 剩下的交給時間 不再迴避那前方 日落的盡頭 夜再深也會有出口 不再迴避那前方 日落的盡頭 夜再深也會有出口 等來了黎明  在闔眼之前 時針又畫了個圈 日出的光芒  穿透地平線 黑夜不再是終點 等來了黎明  在闔眼之前 時針又畫了個圈 日出的光芒  穿透地平線 黑夜不再是終點 
走過漫無人煙的路口 看過最後一次的煙火 聽過吵鬧世界給我的沈默 不曾輕易放棄過什麼 命運卻始終閃躲 只有 幸運的人成為歌頌
曲終人散記憶中的輪廓 越來越遙遠 那些過去的畫面 反覆出現又不見 改變不過是相對 那就換一種方式紀念 傷要收斂 剩下的交給時間
不再迴避那前方 日落的盡頭 夜再深也會有出口 不再迴避那前方 日落的盡頭 夜再深也會有出口
也會有出口 日落後的世界換我駐守 哪裡有光 就往那飛蛾撲火 總想要回到過去彌補那些如果 但這世界哪有這麼多的如果 都可以改變 如果全沒了 還怎麼懷念 如果選對了 當初的彩券 我想我可能我不會再是我 只會變得討厭 唉
看到東方的天空又變白 看到身邊的妳 還在睡 他們已經往前 我還在緬懷 嫌我太慢 抱歉別怪罪 我會注意身體 不操太累 我會注意界線 不搞曖昧 我會把所有阻礙 一腳踩碎 Bang
曲終人散記憶中的輪廓 越來越遙遠 那些過去的畫面 反覆出現又不見 改變不過是相對 那就換一種方式紀念 傷要收斂 剩下的交給時間
不再迴避那前方 日落的盡頭 夜再深也會有出口 不再迴避那前方 日落的盡頭 夜再深也會有出口
等來了黎明  在闔眼之前 時針又畫了個圈 日出的光芒  穿透地平線 黑夜不再是終點
等來了黎明  在闔眼之前 時針又畫了個圈 日出的光芒  穿透地平線 黑夜不再是終點
留言（ 8 ） 最相關留言 所有留言
留言（ 8 ）",2026-07-14,,True,False,
2026-07-27 04:16:23,31,,,30,4549,7,https://streetvoice.com/Jayanbinzz/songs/867960/,https://streetvoice.com/Jayanbinzz/,"https://akstatic.streetvoice.com/song_covers/Ja/ya/Jayanbinzz/i8yaxcVyVabECmhUkL7Foj.jpeg?x-oss-process=image/resize,m_fixed,h_1,w_1,limit_0/resize,m_fixed,h_630,w_1200,limit_0/watermark,image_c29uZ19jb3ZlcnMvSmEveWEvSmF5YW5iaW56ei9pOHlheGNWeVZhYkVDbWhVa0w3Rm9qLmpwZWc_eC1vc3MtcHJvY2Vzcz1pbWFnZS9yZXNpemUsbV9maXhlZCxoXzM0NCx3XzM0NCxsaW1pdF8w,g_nw,x_428,y_143/watermark,image_YXNzZXQvaW1hZ2VzL21ldGFpbWFnZS1zb25nLnBuZw,g_nw,x_0,y_0",@Jayanbinzz,音樂人,,,,1,3,2,,,https://www.youtube.com/user/StreetVoiceTV,Jazz,,https://streetvoice.com/,,"爵士小提琴手黃彥斌將漫畫《藍色巨星》所帶給他的感受，用屬於自己的方式呈現出來，收錄於專輯《給波蘭的一封信》。 小提琴/ 作曲 / 黃彥斌 鋼琴 Adam Lemańczyk 貝斯 Piotr Olszewski 鼓 Mateusz Krawczyk 
爵士小提琴手黃彥斌將漫畫《藍色巨星》所帶給他的感受，用屬於自己的方式呈現出來，收錄於專輯《給波蘭的一封信》。
小提琴/ 作曲 / 黃彥斌 鋼琴 Adam Lemańczyk 貝斯 Piotr Olszewski 鼓 Mateusz Krawczyk","這是沒有提供歌詞的歌曲
留言（ 7 ） 最相關留言 所有留言
留言（ 7 ）",2026-07-07,,True,True,
2026-07-27 04:16:23,32,,,10,981,0,https://streetvoice.com/jiangdou/songs/870025/,https://streetvoice.com/jiangdou/,"https://akstatic.streetvoice.com/song_covers/ji/an/jiangdou/APDiNGD3P7V6iszggDdBTq.jpeg?x-oss-process=image/resize,m_fixed,h_1,w_1,limit_0/resize,m_fixed,h_630,w_1200,limit_0/watermark,image_c29uZ19jb3ZlcnMvamkvYW4vamlhbmdkb3UvQVBEaU5HRDNQN1Y2aXN6Z2dEZEJUcS5qcGVnP3gtb3NzLXByb2Nlc3M9aW1hZ2UvcmVzaXplLG1fZml4ZWQsaF8zNDQsd18zNDQsbGltaXRfMA,g_nw,x_428,y_143/watermark,image_YXNzZXQvaW1hZ2VzL21ldGFpbWFnZS1zb25nLnBuZw,g_nw,x_0,y_0",@jiangdou,音樂人,台北市,2008-11-01,2023-04-06 12:35,2,36,1,https://www.facebook.com/jondoe.tw,https://www.instagram.com/jondoemusictw,https://www.youtube.com/@jondoemusictw,Singer / Songwriter,,,,"無 
無","無 (在進化中) 
無 (在進化中)
留言（ 0 ） 最相關留言 所有留言
留言（ 0 ）",2026-07-18,,True,False,
2026-07-27 04:16:23,33,,,0,36,0,https://streetvoice.com/lilcat/songs/871168/,https://streetvoice.com/lilcat/,"https://akstatic.streetvoice.com/song_covers/li/lc/lilcat/MBA4iT6F38wZR4h6MwpAuZ.jpg?x-oss-process=image/resize,m_fixed,h_1,w_1,limit_0/resize,m_fixed,h_630,w_1200,limit_0/watermark,image_c29uZ19jb3ZlcnMvbGkvbGMvbGlsY2F0L01CQTRpVDZGMzh3WlI0aDZNd3BBdVouanBnP3gtb3NzLXByb2Nlc3M9aW1hZ2UvcmVzaXplLG1fZml4ZWQsaF8zNDQsd18zNDQsbGltaXRfMA,g_nw,x_428,y_143/watermark,image_YXNzZXQvaW1hZ2VzL21ldGFpbWFnZS1zb25nLnBuZw,g_nw,x_0,y_0",@lilcat,音樂人,,,,2,1,18,,,https://www.youtube.com/user/StreetVoiceTV,Pop,,,,"無聊的LightL相愛相殺小廢歌 懂的都懂 Light太晚才知道，自己愛的是他。 beat:Saga Collective 
無聊的LightL相愛相殺小廢歌 懂的都懂
Light太晚才知道，自己愛的是他。
beat:Saga Collective","揮動筆尖 書寫著神諭 以天之名 解救著蒼生 萬籟俱寂的巔峰上 你 卻如一道裂痕 橫亙於我的世界 制度坍塌 只剩我們兩人的博弈 你的闖入 讓我有史以來 感到第一次威脅 自負的 驕傲的 你卻讓我 像瘋了一樣 唯有你的眼眸 能讀懂我靈魂的底色 唯有你 能捕捉我瘋狂中的脆弱 但 也只能由我來終結 你的命根 因為我們彼此就是彼此的宿命 你是無法解釋的光 是我深淵中的共鳴 而我 試圖用毀滅你 證明我的成就 可為何呢 當你的心跳止於我的指尖 我理應在勝利的祭壇上雀躍起舞 可我怎麼像被撕裂呢 心被緊揪著 殺了你 是我畢生最執著的夙願 怎麼願望成真 卻只留下 令人窒息的空洞 我才發現 你的存在 才是我的本體 我活下來了 但是 是你贏了 殺了你以求生存 而後 吻你以求永恆 
揮動筆尖 書寫著神諭 以天之名 解救著蒼生
萬籟俱寂的巔峰上 你 卻如一道裂痕 橫亙於我的世界
制度坍塌 只剩我們兩人的博弈
你的闖入 讓我有史以來 感到第一次威脅
自負的 驕傲的 你卻讓我 像瘋了一樣
唯有你的眼眸 能讀懂我靈魂的底色 唯有你 能捕捉我瘋狂中的脆弱
但 也只能由我來終結 你的命根
因為我們彼此就是彼此的宿命
你是無法解釋的光 是我深淵中的共鳴 而我 試圖用毀滅你 證明我的成就
可為何呢 當你的心跳止於我的指尖 我理應在勝利的祭壇上雀躍起舞
可我怎麼像被撕裂呢 心被緊揪著
殺了你 是我畢生最執著的夙願 怎麼願望成真 卻只留下 令人窒息的空洞
我才發現 你的存在 才是我的本體
我活下來了
但是
是你贏了
殺了你以求生存 而後 吻你以求永恆
留言（ 0 ） 最相關留言 所有留言
留言（ 0 ）",2026-07-26,,False,False,
2026-07-27 04:16:23,34,,,1,32,1,https://streetvoice.com/minzer_c_lee/songs/870971/,https://streetvoice.com/minzer_c_lee/,"https://akstatic.streetvoice.com/song_covers/mi/nz/minzer_c_lee/DEFANJpwmD4N9NBJo4rjxk.jpeg?x-oss-process=image/resize,m_fixed,h_1,w_1,limit_0/resize,m_fixed,h_630,w_1200,limit_0/watermark,image_c29uZ19jb3ZlcnMvbWkvbnovbWluemVyX2NfbGVlL0RFRkFOSnB3bUQ0TjlOQkpvNHJqeGsuanBlZz94LW9zcy1wcm9jZXNzPWltYWdlL3Jlc2l6ZSxtX2ZpeGVkLGhfMzQ0LHdfMzQ0LGxpbWl0XzA,g_nw,x_428,y_143/watermark,image_YXNzZXQvaW1hZ2VzL21ldGFpbWFnZS1zb25nLnBuZw,g_nw,x_0,y_0",@minzer_c_lee,音樂人,,,,10,18,35,,,https://www.youtube.com/user/StreetVoiceTV,Experimental,,,,"A cello and a viola, along with a log drum and a shaker, sit under the Milky Way by the campfire. 
A cello and a viola, along with a log drum and a shaker, sit under the Milky Way by the campfire.","[Instrumental] 
[Instrumental]
留言（ 1 ） 最相關留言 所有留言
留言（ 1 ）",2026-07-25,,False,False,
2026-07-27 04:16:23,35,,,1,21,2,https://streetvoice.com/LouisSyntheticChen/songs/871108/,https://streetvoice.com/LouisSyntheticChen/,"https://akstatic.streetvoice.com/song_covers/Lo/ui/LouisSyntheticChen/SyEnjKkH2Gtp9g7SySDf3P.jpg?x-oss-process=image/resize,m_fixed,h_1,w_1,limit_0/resize,m_fixed,h_630,w_1200,limit_0/watermark,image_c29uZ19jb3ZlcnMvTG8vdWkvTG91aXNTeW50aGV0aWNDaGVuL1N5RW5qS2tIMkd0cDlnN1N5U0RmM1AuanBnP3gtb3NzLXByb2Nlc3M9aW1hZ2UvcmVzaXplLG1fZml4ZWQsaF8zNDQsd18zNDQsbGltaXRfMA,g_nw,x_428,y_143/watermark,image_YXNzZXQvaW1hZ2VzL21ldGFpbWFnZS1zb25nLnBuZw,g_nw,x_0,y_0",@LouisSyntheticChen,音樂人,宜蘭縣,2024-07-01,,4,5,3,,,https://www.youtube.com/user/StreetVoiceTV,Punk,,,Eriii,"今天跟Erin做兩首，讚讚。 
今天跟Erin做兩首，讚讚。","I know you here to stay Just today Today I know you know my name Please just say Just say I can see myself from the mirror that is you, you my mirror. Help me see myself clearer Put my ego back help me transform We can win this game play my big horn You know that it can’t be ignore 
I know you here to stay Just today Today
I know you know my name Please just say Just say
I can see myself from the mirror that is you, you my mirror. Help me see myself clearer
Put my ego back help me transform We can win this game play my big horn You know that it can’t be ignore
留言（ 2 ） 最相關留言 所有留言
留言（ 2 ）",2026-07-25,,False,False,
2026-07-27 04:16:23,36,,,2,149,0,https://streetvoice.com/CircusBraintly/songs/870504/,https://streetvoice.com/CircusBraintly/,"https://akstatic.streetvoice.com/music_albums/Ci/rc/CircusBraintly/TXUgHHKwLEW38cMjanSAjS.jpeg?x-oss-process=image/resize,m_fixed,h_1,w_1,limit_0/resize,m_fixed,h_630,w_1200,limit_0/watermark,image_bXVzaWNfYWxidW1zL0NpL3JjL0NpcmN1c0JyYWludGx5L1RYVWdISEt3TEVXMzhjTWphblNBalMuanBlZz94LW9zcy1wcm9jZXNzPWltYWdlL3Jlc2l6ZSxtX2ZpeGVkLGhfMzQ0LHdfMzQ0LGxpbWl0XzA,g_nw,x_428,y_143/watermark,image_YXNzZXQvaW1hZ2VzL21ldGFpbWFnZS1zb25nLnBuZw,g_nw,x_0,y_0",@CircusBraintly,音樂人,台中市,2008-04-01,,3,1128,2,,,https://www.youtube.com/user/StreetVoiceTV,Rock,"The Good News, The Bad News & The Fake",https://streetvoice.com/CircusBraintly/songs/album/97325736/,,"曲名反諷。本曲以男女情感與網路戀情作為敘事出發點，實則深層解構數位時代最病態的「幫高調」現象。全曲控訴原本僅屬於「你我之間」的私下恩怨，在現今社群網路的推波助瀾下，動輒被冠上正義之名發文、高調公審，最終強行被兩方人馬的盲目網民陣營化，上升成一場獲取注意力的「流量論戰」。原本的相愛相殺全程被公開供全網閱覽，私情淪為公堂之上的流量祭品，真實則淪為全民笑柄。 ""選好你的陣營，然後不惜一戰。"" 
曲名反諷。本曲以男女情感與網路戀情作為敘事出發點，實則深層解構數位時代最病態的「幫高調」現象。全曲控訴原本僅屬於「你我之間」的私下恩怨，在現今社群網路的推波助瀾下，動輒被冠上正義之名發文、高調公審，最終強行被兩方人馬的盲目網民陣營化，上升成一場獲取注意力的「流量論戰」。原本的相愛相殺全程被公開供全網閱覽，私情淪為公堂之上的流量祭品，真實則淪為全民笑柄。
""選好你的陣營，然後不惜一戰。""","我不像你會說故事 拼湊別於事實的說詞 真相沒你說的理智 模糊是非複雜的樣子 標籤來自你的歧視 這些我說了很多次 字裡行間都要我死 假故事是真的諷刺 噢 我愛你 是情緒 是理智上的最高級 噢 取代你 的真心 用厭惡謝謝你的感情 噢 我愛你 拜託停下你的假好心 噢 抵抗你 我費盡全力在 謝謝你的真性情 等待時間給個正義 吐槽大眾主觀的定義 但現實卻沒有道理 給不出絕對的真理 各說各話到個瓶頸 真實變成全民笑柄 流量大到失控至極 還堅持是優良效益 批判是 容易的 理解卻 太困難 真相是 殘忍的 逃避卻 太簡單 噢 我愛你 是情緒 是理智上的最高級 噢 取代你 的真心 用厭惡謝謝你的感情 噢 我愛你 拜託停下你的假好心 噢 抵抗你 我費盡全力在 噢 真是謝了你的真性情 噢 我愛你 是情緒 是理智上的最高級 噢 取代你 的真心 用厭惡謝謝你的感情 噢 我愛你 拜託停下你的假好心 噢 抵抗你 我費盡全力在 謝謝你的真性情 
我不像你會說故事 拼湊別於事實的說詞 真相沒你說的理智 模糊是非複雜的樣子 標籤來自你的歧視 這些我說了很多次 字裡行間都要我死 假故事是真的諷刺
噢 我愛你 是情緒 是理智上的最高級 噢 取代你 的真心 用厭惡謝謝你的感情 噢 我愛你 拜託停下你的假好心 噢 抵抗你 我費盡全力在 謝謝你的真性情
等待時間給個正義 吐槽大眾主觀的定義 但現實卻沒有道理 給不出絕對的真理 各說各話到個瓶頸 真實變成全民笑柄 流量大到失控至極 還堅持是優良效益
批判是 容易的 理解卻 太困難 真相是 殘忍的 逃避卻 太簡單
噢 我愛你 是情緒 是理智上的最高級 噢 取代你 的真心 用厭惡謝謝你的感情 噢 我愛你 拜託停下你的假好心 噢 抵抗你 我費盡全力在 噢 真是謝了你的真性情
噢 我愛你 是情緒 是理智上的最高級 噢 取代你 的真心 用厭惡謝謝你的感情 噢 我愛你 拜託停下你的假好心 噢 抵抗你 我費盡全力在 謝謝你的真性情
留言（ 0 ） 最相關留言 所有留言
留言（ 0 ）",2026-07-22,,True,False,
2026-07-27 04:16:23,37,,,1,8,0,https://streetvoice.com/desolatechen/songs/871101/,https://streetvoice.com/desolatechen/,"https://akstatic.streetvoice.com/music_albums/de/so/desolatechen/mkKunsCfwcCE2zSAqmoa5S.jpeg?x-oss-process=image/resize,m_fixed,h_1,w_1,limit_0/resize,m_fixed,h_630,w_1200,limit_0/watermark,image_bXVzaWNfYWxidW1zL2RlL3NvL2Rlc29sYXRlY2hlbi9ta0t1bnNDZndjQ0UyelNBcW1vYTVTLmpwZWc_eC1vc3MtcHJvY2Vzcz1pbWFnZS9yZXNpemUsbV9maXhlZCxoXzM0NCx3XzM0NCxsaW1pdF8w,g_nw,x_428,y_143/watermark,image_YXNzZXQvaW1hZ2VzL21ldGFpbWFnZS1zb25nLnBuZw,g_nw,x_0,y_0",@desolatechen,音樂人,屏東縣,2006-04-01,2021-05-26 18:50,3,249,6,,,https://www.youtube.com/user/StreetVoiceTV,Electronic,地獄之路,https://streetvoice.com/desolatechen/songs/album/97325761/,,"那些不合時宜的痛 
那些不合時宜的痛","那些不合時宜的痛 已經不會再有人懂 在脹滿破碎資訊的海洋裡頭 和自己倒影一起游泳 那些不合時宜的痛 變成一場場破碎的夢 在脹滿慾望恐懼的牢籠裡頭 以為自己能自由 別走 經過黑夜   越過白晝 聽見腳步   不見臉孔 理解話語   遺失意義 誰在前進   誰在停留 放眼未來   遺忘過去 擁抱靈魂   放棄身體 走向宇宙   打開自我 誰在現實   誰在夢境 誰說別走 誰說 我已找到最美的夢 沒有人能阻擋我 
那些不合時宜的痛 已經不會再有人懂 在脹滿破碎資訊的海洋裡頭 和自己倒影一起游泳
那些不合時宜的痛 變成一場場破碎的夢 在脹滿慾望恐懼的牢籠裡頭 以為自己能自由
別走
經過黑夜   越過白晝 聽見腳步   不見臉孔 理解話語   遺失意義 誰在前進   誰在停留
放眼未來   遺忘過去 擁抱靈魂   放棄身體 走向宇宙   打開自我 誰在現實   誰在夢境
誰說別走 誰說
我已找到最美的夢 沒有人能阻擋我
留言（ 0 ） 最相關留言 所有留言
留言（ 0 ）",2026-07-25,,False,False,
2026-07-27 04:16:23,38,,,0,14,0,https://streetvoice.com/garythesnail/songs/871000/,https://streetvoice.com/garythesnail/,"https://akstatic.streetvoice.com/music_albums/ga/ry/garythesnail/L8JDD4ZcCUxBw2GDfL3Tko.jpeg?x-oss-process=image/resize,m_fixed,h_1,w_1,limit_0/resize,m_fixed,h_630,w_1200,limit_0/watermark,image_bXVzaWNfYWxidW1zL2dhL3J5L2dhcnl0aGVzbmFpbC9MOEpERDRaY0NVeEJ3MkdEZkwzVGtvLmpwZWc_eC1vc3MtcHJvY2Vzcz1pbWFnZS9yZXNpemUsbV9maXhlZCxoXzM0NCx3XzM0NCxsaW1pdF8w,g_nw,x_428,y_143/watermark,image_YXNzZXQvaW1hZ2VzL21ldGFpbWFnZS1zb25nLnBuZw,g_nw,x_0,y_0",@garythesnail,音樂人,台北市,2023-04-01,2026-02-13 09:52,1,15,1,,https://www.instagram.com/garythesnail.pdf,https://www.youtube.com/@GarytheSnail-2023,Punk,斯文豪氏大蝸牛,https://streetvoice.com/garythesnail/songs/album/97325754/,,"詞曲：李齊 製作｜李齊 錄音｜李齊 混音｜李齊 鼓組錄音｜黃彥翔 鼓組錄音室｜玉成戲院錄音室 YuChen Cinema Studio 母帶後期處理｜李齊 蝸牛蓋瑞 Gary the Snail 主唱 / 吉他 ｜李齊 合聲 / 吉他 ｜劉柏 貝斯 ｜貓咪 鼓 ｜涂恒睿 專輯發行廠牌 ｜吃到肉羹實業社 JDBG records 
詞曲：李齊
製作｜李齊 錄音｜李齊 混音｜李齊 鼓組錄音｜黃彥翔 鼓組錄音室｜玉成戲院錄音室 YuChen Cinema Studio 母帶後期處理｜李齊
蝸牛蓋瑞 Gary the Snail 主唱 / 吉他 ｜李齊 合聲 / 吉他 ｜劉柏 貝斯 ｜貓咪 鼓 ｜涂恒睿
專輯發行廠牌 ｜吃到肉羹實業社 JDBG records","十八歲之後不常感到開心 但從那之後我時常想到你 遇見你的那一天 那個清晨有點美 一起聊天到天亮 傾吐自己有多不完美 人生的冬天還是存在 其實也不會因為你變得比較短 歐幹 明天還要上班 這次能不能不要再死得那麼慘 忍耐 忍耐 再忍耐 用更醜陋的姿態榨出來 歐~ 忍耐 忍耐 再忍耐 用更醜陋的姿態榨出來 窩喔~ 因為 我把過去交易了 換來的是虛假的快樂 因為 我把過去交易了 所有血跡都被鎖在抽屜了 我走了 我只留下一首歌 二十歲的時候 我才看清 原來我從來就不懂什麼是貼心 突然冒出的回憶 看著過去的身影 我想把這一切繼續藏在抽屜 
十八歲之後不常感到開心 但從那之後我時常想到你 遇見你的那一天 那個清晨有點美 一起聊天到天亮 傾吐自己有多不完美 人生的冬天還是存在 其實也不會因為你變得比較短 歐幹 明天還要上班 這次能不能不要再死得那麼慘 忍耐 忍耐 再忍耐 用更醜陋的姿態榨出來 歐~ 忍耐 忍耐 再忍耐 用更醜陋的姿態榨出來 窩喔~
因為 我把過去交易了 換來的是虛假的快樂 因為 我把過去交易了 所有血跡都被鎖在抽屜了 我走了 我只留下一首歌
二十歲的時候 我才看清 原來我從來就不懂什麼是貼心 突然冒出的回憶 看著過去的身影 我想把這一切繼續藏在抽屜
留言（ 0 ） 最相關留言 所有留言
留言（ 0 ）",2026-07-25,,False,False,
2026-07-27 04:16:23,39,,,1,10,0,https://streetvoice.com/luojay13/songs/871134/,https://streetvoice.com/luojay13/,"https://akstatic.streetvoice.com/music_albums/lu/oj/luojay13/ekuPbQsy9gF4kHZ25CeCds.jpg?x-oss-process=image/resize,m_fixed,h_1,w_1,limit_0/resize,m_fixed,h_630,w_1200,limit_0/watermark,image_bXVzaWNfYWxidW1zL2x1L29qL2x1b2pheTEzL2VrdVBiUXN5OWdGNGtIWjI1Q2VDZHMuanBnP3gtb3NzLXByb2Nlc3M9aW1hZ2UvcmVzaXplLG1fZml4ZWQsaF8zNDQsd18zNDQsbGltaXRfMA,g_nw,x_428,y_143/watermark,image_YXNzZXQvaW1hZ2VzL21ldGFpbWFnZS1zb25nLnBuZw,g_nw,x_0,y_0",@luojay13,音樂人,墨西哥,2025-12-01,,1,2,,,,https://www.youtube.com/user/StreetVoiceTV,Dance,去當兵,https://streetvoice.com/luojay13/songs/album/97325762/,吳尚杰JAYWU、HG,"夜晚的營區永遠比白天安靜，也比白天更容易讓人緊張。沒有人知道營長什麼時候會出現，也不知道下一秒會不會輪到自己。大家壓低呼吸、繃緊神經，在安靜中等待未知的腳步聲。 
夜晚的營區永遠比白天安靜，也比白天更容易讓人緊張。沒有人知道營長什麼時候會出現，也不知道下一秒會不會輪到自己。大家壓低呼吸、繃緊神經，在安靜中等待未知的腳步聲。","這是沒有提供歌詞的歌曲
留言（ 0 ） 最相關留言 所有留言
留言（ 0 ）",2026-07-26,,False,False,
2026-07-27 04:16:23,40,,,1,13,0,https://streetvoice.com/apiamusic/songs/871277/,https://streetvoice.com/apiamusic/,"https://akstatic.streetvoice.com/song_covers/ap/ia/apiamusic/kUrVDhtj6swaQYNeE6uxUX.jpeg?x-oss-process=image/resize,m_fixed,h_1,w_1,limit_0/resize,m_fixed,h_630,w_1200,limit_0/watermark,image_c29uZ19jb3ZlcnMvYXAvaWEvYXBpYW11c2ljL2tVclZEaHRqNnN3YVFZTmVFNnV4VVguanBlZz94LW9zcy1wcm9jZXNzPWltYWdlL3Jlc2l6ZSxtX2ZpeGVkLGhfMzQ0LHdfMzQ0LGxpbWl0XzA,g_nw,x_428,y_143/watermark,image_YXNzZXQvaW1hZ2VzL21ldGFpbWFnZS1zb25nLnBuZw,g_nw,x_0,y_0",@apiamusic,音樂人,台北市,2025-04-01,,1,4,35,,,https://www.youtube.com/user/StreetVoiceTV,Hip hop / Rap,,,,,"動態歌詞
媽逼逼逼逼 捏鯊低端 捏鯊低端 捏鯊 捏鯊 捏鯊 捏鯊 操你媽的精障 你說我不正常 我是一個精障 所以鯊你全家 操你媽的精障 蓋世太保警長 看到我要緊張 我會鯊你全家 操你媽的精障 你他媽才有病 因為我會酗酒 你說我有disease mental disorder 才是我的病 你是低端人口 我要把你處刑 我要把你捏鯊 我是精障 我要把你捏鯊 我是精障 我要把你捏鯊 我是精障 我要把你捏鯊 我是精障 操你媽的低端 我是一個精障 我要把你納入 低端人口淬鍊 低端人口被上 我都射在背上 強迫底層工作 沒有缺工問題 低端要工作 精障不用 你是低端 我是統治階級 低端要工作 精障不用 你是低端 我是統治階級 統治階級 全部都是精障 統治階級 全部把你捏鯊 統治階級 全部都是精障 統治階級 全部把你捏鯊 垃圾 底層 階級都是低端 強迫 你勞動 所以過得很爽 垃圾 底層 階級都是低端 強迫 你性交 所以過得很爽 操你媽的精障 你說我不正常 我是一個精障 所以鯊你全家 操你媽的精障 蓋世太保警長 看到我要緊張 我會鯊你全家 操你媽的精障 你他媽才有病 因為我會酗酒 你說我有disease 你是吉普賽人 你是一個賽人 我是賽亞人 在你媽陰道塞人 我要把你捏鯊 我是精障 我要看你被鯊 我是精障 如果不想被鯊 加入精障 我要把你捏鯊 西巴奴馬 操你媽的低端 我是一個精障 我要把你納入 低端人口淬鍊 低端人口被上 幹完射在背上 強迫底層工作 沒有缺工問題 低端人口工作 精障不用 你是低端 我是統治階級 你是我的低端人口 我是你的統治階級 統治階級 全部都是精障 金權遊戲 玩到人性淪喪 統治階級 全部都是精障 統治階級 全部把你捏鯊 垃圾 底層 階級都是低端 強迫 你勞動 然後把你捏鯊 打卡 上班 永遠從事生產 出賣 你靈魂 永遠不能生還 黃種人都是社會底層 精障 
媽逼逼逼逼 捏鯊低端 捏鯊低端 捏鯊 捏鯊 捏鯊 捏鯊 操你媽的精障 你說我不正常 我是一個精障 所以鯊你全家 操你媽的精障 蓋世太保警長 看到我要緊張 我會鯊你全家 操你媽的精障 你他媽才有病 因為我會酗酒 你說我有disease mental disorder 才是我的病 你是低端人口 我要把你處刑 我要把你捏鯊 我是精障 我要把你捏鯊 我是精障 我要把你捏鯊 我是精障 我要把你捏鯊 我是精障 操你媽的低端 我是一個精障 我要把你納入 低端人口淬鍊 低端人口被上 我都射在背上 強迫底層工作 沒有缺工問題 低端要工作 精障不用 你是低端 我是統治階級 低端要工作 精障不用 你是低端 我是統治階級 統治階級 全部都是精障 統治階級 全部把你捏鯊 統治階級 全部都是精障 統治階級 全部把你捏鯊 垃圾 底層 階級都是低端 強迫 你勞動 所以過得很爽 垃圾 底層 階級都是低端 強迫 你性交 所以過得很爽 操你媽的精障 你說我不正常 我是一個精障 所以鯊你全家 操你媽的精障 蓋世太保警長 看到我要緊張 我會鯊你全家 操你媽的精障 你他媽才有病 因為我會酗酒 你說我有disease 你是吉普賽人 你是一個賽人 我是賽亞人 在你媽陰道塞人 我要把你捏鯊 我是精障 我要看你被鯊 我是精障 如果不想被鯊 加入精障 我要把你捏鯊 西巴奴馬 操你媽的低端 我是一個精障 我要把你納入 低端人口淬鍊 低端人口被上 幹完射在背上 強迫底層工作 沒有缺工問題 低端人口工作 精障不用 你是低端 我是統治階級 你是我的低端人口 我是你的統治階級 統治階級 全部都是精障 金權遊戲 玩到人性淪喪 統治階級 全部都是精障 統治階級 全部把你捏鯊 垃圾 底層 階級都是低端 強迫 你勞動 然後把你捏鯊 打卡 上班 永遠從事生產 出賣 你靈魂 永遠不能生還 黃種人都是社會底層 精障
留言（ 0 ） 最相關留言 所有留言
留言（ 0 ）",2026-07-27,,False,False,
2026-07-27 04:16:23,41,,,1,105,0,https://streetvoice.com/yang_0810/songs/870937/,https://streetvoice.com/yang_0810/,"https://akstatic.streetvoice.com/song_covers/ya/ng/yang_0810/TcbwzVjFJ3ygN8zx7M74rw.jpeg?x-oss-process=image/resize,m_fixed,h_1,w_1,limit_0/resize,m_fixed,h_630,w_1200,limit_0/watermark,image_c29uZ19jb3ZlcnMveWEvbmcveWFuZ18wODEwL1RjYnd6VmpGSjN5Z044eng3TTc0cncuanBlZz94LW9zcy1wcm9jZXNzPWltYWdlL3Jlc2l6ZSxtX2ZpeGVkLGhfMzQ0LHdfMzQ0LGxpbWl0XzA,g_nw,x_428,y_143/watermark,image_YXNzZXQvaW1hZ2VzL21ldGFpbWFnZS1zb25nLnBuZw,g_nw,x_0,y_0",@yang_0810,音樂人,台灣,2025-08-01,,1,4,1,,,https://www.youtube.com/user/StreetVoiceTV,Rock,,,,"在追尋夢想的道路 披星戴月不認輸 再艱難的旅途 終將化作星光路 照亮初心不辜負 
在追尋夢想的道路 披星戴月不認輸
再艱難的旅途 終將化作星光路 照亮初心不辜負","曲｜ Hem ・Song Credit・ 編曲 Arrangement： Hem 製作人 Producer： Hem 電吉他 Eletric Guitar： Hem 合成器 Synth ：Hem 貝斯 Bass：Hem 鼓 Drum：Hem 錄音室 Recording Studio：Hem Studio 錄音師 Recording Engineer： Hem 混音師 Mixing Engineer：Hem 母帶後製工程師 Mastering Engineer：Hem 
曲｜ Hem
・Song Credit・ 編曲 Arrangement： Hem 製作人 Producer： Hem 電吉他 Eletric Guitar： Hem 合成器 Synth ：Hem 貝斯 Bass：Hem 鼓 Drum：Hem 錄音室 Recording Studio：Hem Studio 錄音師 Recording Engineer： Hem 混音師 Mixing Engineer：Hem 母帶後製工程師 Mastering Engineer：Hem
留言（ 0 ） 最相關留言 所有留言
留言（ 0 ）",2026-07-24,,False,False,
2026-07-27 04:16:23,42,,,1,3,4,https://streetvoice.com/Meat_stick/songs/871107/,https://streetvoice.com/Meat_stick/,"https://akstatic.streetvoice.com/song_covers/Me/at/Meat_stick/i6xQ766EpKP8Vgy4ZDFbs9.jpeg?x-oss-process=image/resize,m_fixed,h_1,w_1,limit_0/resize,m_fixed,h_630,w_1200,limit_0/watermark,image_c29uZ19jb3ZlcnMvTWUvYXQvTWVhdF9zdGljay9pNnhRNzY2RXBLUDhWZ3k0WkRGYnM5LmpwZWc_eC1vc3MtcHJvY2Vzcz1pbWFnZS9yZXNpemUsbV9maXhlZCxoXzM0NCx3XzM0NCxsaW1pdF8w,g_nw,x_428,y_143/watermark,image_YXNzZXQvaW1hZ2VzL21ldGFpbWFnZS1zb25nLnBuZw,g_nw,x_0,y_0",@Meat_stick,音樂人,,,,1,21,,,,https://www.youtube.com/user/StreetVoiceTV,Metal,,,,"Slow stroke king 
Slow stroke king","ｂｒｅ 
ｂｒｅ
留言（ 4 ） 最相關留言 所有留言
留言（ 4 ）",2026-07-26,,False,False,
2026-07-27 04:16:23,43,,,1,49,0,https://streetvoice.com/youwillmakeit2024/songs/870459/,https://streetvoice.com/youwillmakeit2024/,"https://akstatic.streetvoice.com/music_albums/yo/uw/youwillmakeit2024/7oKeE2wnt5AskGSyX2B7of.jpeg?x-oss-process=image/resize,m_fixed,h_1,w_1,limit_0/resize,m_fixed,h_630,w_1200,limit_0/watermark,image_bXVzaWNfYWxidW1zL3lvL3V3L3lvdXdpbGxtYWtlaXQyMDI0LzdvS2VFMndudDVBc2tHU3lYMkI3b2YuanBlZz94LW9zcy1wcm9jZXNzPWltYWdlL3Jlc2l6ZSxtX2ZpeGVkLGhfMzQ0LHdfMzQ0LGxpbWl0XzA,g_nw,x_428,y_143/watermark,image_YXNzZXQvaW1hZ2VzL21ldGFpbWFnZS1zb25nLnBuZw,g_nw,x_0,y_0",@youwillmakeit2024,音樂人,,,,7,4,,,,https://www.youtube.com/user/StreetVoiceTV,Singer / Songwriter,存在证明,https://streetvoice.com/youwillmakeit2024/songs/album/97325729/,,"曾经那么重要的人，也会淡得仿佛从未在生命里停泊过。 
曾经那么重要的人，也会淡得仿佛从未在生命里停泊过。","作词/作曲：利俊Lijun 编曲：王栋斌 制作人：王栋斌 我坐在这飘飘的 楼顶 黑压压的云 盖住闪亮的一颗星 月华如水呦 我看到你在对面向我招手 夏风浮身过 却不能听清你的声音 当那渐行的 已经远离 却突然失去了 离别最后的气力 你走去哪啊 我的朋友 这一切会让你的心安宁吗 你的不舍 去哪了 没有一点点想念吗 我有一点点想念呐 只任它溃成你头上的浮云 跟着你的身体 伴着你的歌声 我再也不见它 好似未存在 我再也不见它 好似未存在 和声：利俊Lijun 混音：张栋 录音：阮世灏@羽人音乐 
作词/作曲：利俊Lijun 编曲：王栋斌 制作人：王栋斌
我坐在这飘飘的 楼顶 黑压压的云 盖住闪亮的一颗星 月华如水呦 我看到你在对面向我招手
夏风浮身过 却不能听清你的声音 当那渐行的 已经远离 却突然失去了 离别最后的气力
你走去哪啊 我的朋友 这一切会让你的心安宁吗 你的不舍 去哪了 没有一点点想念吗
我有一点点想念呐 只任它溃成你头上的浮云 跟着你的身体 伴着你的歌声
我再也不见它 好似未存在 我再也不见它 好似未存在
和声：利俊Lijun 混音：张栋 录音：阮世灏@羽人音乐
留言（ 0 ） 最相關留言 所有留言
留言（ 0 ）",2026-07-21,,True,False,
2026-07-27 04:16:23,44,,,1,1,3,https://streetvoice.com/cutest576533/songs/871232/,https://streetvoice.com/cutest576533/,"https://akstatic.streetvoice.com/song_covers/cu/te/cutest576533/cJb3ibZTNT2XkMNuMHSPPq.jpg?x-oss-process=image/resize,m_fixed,h_1,w_1,limit_0/resize,m_fixed,h_630,w_1200,limit_0/watermark,image_c29uZ19jb3ZlcnMvY3UvdGUvY3V0ZXN0NTc2NTMzL2NKYjNpYlpUTlQyWGtNTnVNSFNQUHEuanBnP3gtb3NzLXByb2Nlc3M9aW1hZ2UvcmVzaXplLG1fZml4ZWQsaF8zNDQsd18zNDQsbGltaXRfMA,g_nw,x_428,y_143/watermark,image_YXNzZXQvaW1hZ2VzL21ldGFpbWFnZS1zb25nLnBuZw,g_nw,x_0,y_0",@cutest576533,音樂人,台中市,2024-01-01,,,,,,,https://www.youtube.com/user/StreetVoiceTV,Singer / Songwriter,,,,"送給大家不知道要怎麼變美美的您們 
送給大家不知道要怎麼變美美的您們","這是沒有提供歌詞的歌曲
留言（ 3 ） 最相關留言 所有留言
留言（ 3 ）",2026-07-26,,False,False,
2026-07-27 04:16:23,45,,,2,854,10,https://streetvoice.com/void1z3/songs/869537/,https://streetvoice.com/void1z3/,"https://akstatic.streetvoice.com/song_covers/vo/id/void1z3/5y6YLHGdUEtFmp25jkqBTK.jpg?x-oss-process=image/resize,m_fixed,h_1,w_1,limit_0/resize,m_fixed,h_630,w_1200,limit_0/watermark,image_c29uZ19jb3ZlcnMvdm8vaWQvdm9pZDF6My81eTZZTEhHZFVFdEZtcDI1amtxQlRLLmpwZz94LW9zcy1wcm9jZXNzPWltYWdlL3Jlc2l6ZSxtX2ZpeGVkLGhfMzQ0LHdfMzQ0LGxpbWl0XzA,g_nw,x_428,y_143/watermark,image_YXNzZXQvaW1hZ2VzL21ldGFpbWFnZS1zb25nLnBuZw,g_nw,x_0,y_0",@void1z3,音樂人,,,,2,13,11,,,https://www.youtube.com/user/StreetVoiceTV,Singer / Songwriter,,,,"Recorded at Sunset Studio thru Tape16 raw & unfiltered! 
Recorded at Sunset Studio thru Tape16
raw & unfiltered!","我知道那裡有個故事 說那時候有多麼自私 你頭髮都留到了肩膀 你一定覺得自己很特別 但當我望進你的瞳孔 發現還是像以前懵懂 一如往常裝了整個宇宙 但填滿每個隙縫的仍是空洞 如果真誠能指引我 那時間根本不會迷失在指針中 就請等我睡去之後 再讓我走 Let me go, won’t you let me go Let me go, please, won’t you? 
我知道那裡有個故事 說那時候有多麼自私 你頭髮都留到了肩膀 你一定覺得自己很特別
但當我望進你的瞳孔 發現還是像以前懵懂 一如往常裝了整個宇宙 但填滿每個隙縫的仍是空洞 如果真誠能指引我 那時間根本不會迷失在指針中 就請等我睡去之後 再讓我走
Let me go, won’t you let me go Let me go, please, won’t you?
留言（ 10 ） 最相關留言 所有留言
留言（ 10 ）",2026-07-14,,True,False,
2026-07-27 04:16:23,46,,,1,59,0,https://streetvoice.com/CircusBraintly/songs/870499/,https://streetvoice.com/CircusBraintly/,"https://akstatic.streetvoice.com/music_albums/Ci/rc/CircusBraintly/TXUgHHKwLEW38cMjanSAjS.jpeg?x-oss-process=image/resize,m_fixed,h_1,w_1,limit_0/resize,m_fixed,h_630,w_1200,limit_0/watermark,image_bXVzaWNfYWxidW1zL0NpL3JjL0NpcmN1c0JyYWludGx5L1RYVWdISEt3TEVXMzhjTWphblNBalMuanBlZz94LW9zcy1wcm9jZXNzPWltYWdlL3Jlc2l6ZSxtX2ZpeGVkLGhfMzQ0LHdfMzQ0LGxpbWl0XzA,g_nw,x_428,y_143/watermark,image_YXNzZXQvaW1hZ2VzL21ldGFpbWFnZS1zb25nLnBuZw,g_nw,x_0,y_0",@CircusBraintly,音樂人,台中市,2008-04-01,,4,1651,2,,,https://www.youtube.com/user/StreetVoiceTV,Rock,"The Good News, The Bad News & The Fake",https://streetvoice.com/CircusBraintly/songs/album/97325736/,,"專輯終章特別收錄。以近乎白描且赤裸的自省筆觸，寫下青年世代在直率理想、尊嚴骨氣與現實生存壓力之間的正面碰撞，最終為了五斗米向現實體制妥協折腰的殘酷宿命。 ""幾乎跪著完成這張專輯。"" 
專輯終章特別收錄。以近乎白描且赤裸的自省筆觸，寫下青年世代在直率理想、尊嚴骨氣與現實生存壓力之間的正面碰撞，最終為了五斗米向現實體制妥協折腰的殘酷宿命。
""幾乎跪著完成這張專輯。""","嗨 親愛的尊嚴 你最近過得還好嗎 唉 都快忘記上次是多久前和你對話 還 記的你直率的個性總是有話直講 堅持自己的想法也不惜跟人槓上 事到如今 你是否還是從前的你 事到如今 你的輪廓我都快忘記 事到如今 歷練了多少人生的洗禮 事到如今 我還是出賣你 就為了五斗米 嗨 親愛的尊嚴 你最近過得還好嗎 唉 都快忘記上次是多久前和你對話 還 記的你直率的個性總是有話直講 堅持自己的想法也不惜跟人槓上 事到如今 你是否還是從前的你 事到如今 你的輪廓我都快忘記 事到如今 歷練了多少人生的洗禮 事到如今 我還是出賣你 就為了五斗米 別怨我 不夠清高 為五斗米折腰 別怪我 原則渺小 誰少年不曾狂傲 別笑我 不知檢討 聽不見看不到 別問我 甘願跪倒 尊嚴又值多少 
嗨 親愛的尊嚴 你最近過得還好嗎 唉 都快忘記上次是多久前和你對話 還 記的你直率的個性總是有話直講 堅持自己的想法也不惜跟人槓上
事到如今 你是否還是從前的你 事到如今 你的輪廓我都快忘記 事到如今 歷練了多少人生的洗禮 事到如今 我還是出賣你 就為了五斗米
嗨 親愛的尊嚴 你最近過得還好嗎 唉 都快忘記上次是多久前和你對話 還 記的你直率的個性總是有話直講 堅持自己的想法也不惜跟人槓上
事到如今 你是否還是從前的你 事到如今 你的輪廓我都快忘記 事到如今 歷練了多少人生的洗禮 事到如今 我還是出賣你 就為了五斗米
別怨我 不夠清高 為五斗米折腰 別怪我 原則渺小 誰少年不曾狂傲 別笑我 不知檢討 聽不見看不到 別問我 甘願跪倒 尊嚴又值多少
留言（ 0 ） 最相關留言 所有留言
留言（ 0 ）",2026-07-22,,True,False,
2026-07-27 04:16:23,47,,,4,42,0,https://streetvoice.com/jasper980827/songs/870877/,https://streetvoice.com/jasper980827/,"https://akstatic.streetvoice.com/song_covers/ja/sp/jasper980827/UzB67PYomk73MJXy4Bjasg.jpeg?x-oss-process=image/resize,m_fixed,h_1,w_1,limit_0/resize,m_fixed,h_630,w_1200,limit_0/watermark,image_c29uZ19jb3ZlcnMvamEvc3AvamFzcGVyOTgwODI3L1V6QjY3UFlvbWs3M01KWHk0Qmphc2cuanBlZz94LW9zcy1wcm9jZXNzPWltYWdlL3Jlc2l6ZSxtX2ZpeGVkLGhfMzQ0LHdfMzQ0LGxpbWl0XzA,g_nw,x_428,y_143/watermark,image_YXNzZXQvaW1hZ2VzL21ldGFpbWFnZS1zb25nLnBuZw,g_nw,x_0,y_0",@jasper980827,音樂人,,,,1,5,2,,,https://www.youtube.com/user/StreetVoiceTV,Hip hop / Rap,,,,"Artist: NØIR Lyrics: NØIR Composer: NØIR Arrangement: Apai Producer: NØIR Recording Engineer: NØIR Mixing Engineer: NØIR Mastering Engineer: NØIR 
Artist: NØIR Lyrics: NØIR Composer: NØIR Arrangement: Apai Producer: NØIR Recording Engineer: NØIR Mixing Engineer: NØIR Mastering Engineer: NØIR","純白色的天空 走在路上聽著我的心跳節奏 你把我的心騙走 這份愛怎麼聯絡 說出口的時候真的十分懵懂 每天都騎著我的二手電瓶摩托 思考著如何面對自己的不成熟 手機看運勢星座 我能否讓你回頭 於是我果斷的就牽起你的左手 I know i know 路過了便利店 順手幫你帶愛吃的東西 看限動給你點的讚 那是最靦腆的表達方式 這條路會不會分岔 你笑著跟我說沒差 只要有你在多繞一下 時間也不那麼重要了 承認有時很浮躁 我的心被下了毒藥 靠近點別那麼害臊 又不會把你給吃掉 I think i fall in love 你猜 You Touch my heart deep inside 不太清楚對你的愛 我只是想要有你在 純白色的天空 走在路上聽著我的心跳節奏 你把我的心騙走 這份愛怎麼聯絡 說出口的時候真的十分懵懂 每天都騎著我的二手電瓶摩托 思考著如何面對自己的不成熟 手機看運勢星座 我能否讓你回頭 於是我果斷的就牽起你的左手 
純白色的天空 走在路上聽著我的心跳節奏 你把我的心騙走 這份愛怎麼聯絡 說出口的時候真的十分懵懂 每天都騎著我的二手電瓶摩托 思考著如何面對自己的不成熟 手機看運勢星座 我能否讓你回頭 於是我果斷的就牽起你的左手 I know i know 路過了便利店 順手幫你帶愛吃的東西 看限動給你點的讚 那是最靦腆的表達方式 這條路會不會分岔 你笑著跟我說沒差 只要有你在多繞一下 時間也不那麼重要了 承認有時很浮躁 我的心被下了毒藥 靠近點別那麼害臊 又不會把你給吃掉 I think i fall in love 你猜 You Touch my heart deep inside 不太清楚對你的愛 我只是想要有你在 純白色的天空 走在路上聽著我的心跳節奏 你把我的心騙走 這份愛怎麼聯絡 說出口的時候真的十分懵懂 每天都騎著我的二手電瓶摩托 思考著如何面對自己的不成熟 手機看運勢星座 我能否讓你回頭 於是我果斷的就牽起你的左手
留言（ 0 ） 最相關留言 所有留言
留言（ 0 ）",2026-07-25,,False,False,
2026-07-27 04:16:23,48,,,0,2,1,https://streetvoice.com/s8817012011/songs/871187/,https://streetvoice.com/s8817012011/,"https://akstatic.streetvoice.com/song_covers/s8/81/s8817012011/22xvwZFF2LUtyW96i3abwJ.jpeg?x-oss-process=image/resize,m_fixed,h_1,w_1,limit_0/resize,m_fixed,h_630,w_1200,limit_0/watermark,image_c29uZ19jb3ZlcnMvczgvODEvczg4MTcwMTIwMTEvMjJ4dndaRkYyTFV0eVc5NmkzYWJ3Si5qcGVnP3gtb3NzLXByb2Nlc3M9aW1hZ2UvcmVzaXplLG1fZml4ZWQsaF8zNDQsd18zNDQsbGltaXRfMA,g_nw,x_428,y_143/watermark,image_YXNzZXQvaW1hZ2VzL21ldGFpbWFnZS1zb25nLnBuZw,g_nw,x_0,y_0",@s8817012011,音樂人,台北市,2011-12-01,2021-09-27 15:35,7,74,2,https://www.facebook.com/theMetalspeaker/,https://instagram.com/themetalspeaker,https://youtube.com/channel/UCuzSxL_ns0uTJyx4xAZ5NWw,Rock,我的人生 Master of None,https://streetvoice.com/s8817012011/songs/album/97325613/,,"說的是離開，也是告別。 失去的，從來不只是某個人事。 還有曾經義無反顧相信未來的自己。 一杯酒無法解開憂愁，時間也未必能撫平傷口；但即使如此，心內始終留著一點倔強 不願認輸，不願停止等待。 
說的是離開，也是告別。
失去的，從來不只是某個人事。
還有曾經義無反顧相信未來的自己。
一杯酒無法解開憂愁，時間也未必能撫平傷口；但即使如此，心內始終留著一點倔強
不願認輸，不願停止等待。","漸漸承認我只是 一個平凡的人 對你說出我的夢 攏總無採工 手中這杯酒  無法度解我心內憂愁 但我心內總有 倔強的希望 失去的愛 已經找不回來 我擱塊等待 思念的風一陣陣吹來 希望你會知 我唔是無了解 講未出嘴的彼種無奈 以後就當作不曾熟識 環境來阻礙 甘講你唔災 想看麥 你想看麥 我就是一個傻子 不認輸的人 要繼續走 欸使也袂使 失去的愛 已經找不回來 我擱塊等待 思念的風一陣陣吹來 希望你會知 我唔是無了解 講未出嘴的彼種無奈 以後就當作不曾熟識 
漸漸承認我只是 一個平凡的人 對你說出我的夢 攏總無採工 手中這杯酒  無法度解我心內憂愁 但我心內總有 倔強的希望
失去的愛 已經找不回來 我擱塊等待 思念的風一陣陣吹來 希望你會知 我唔是無了解 講未出嘴的彼種無奈 以後就當作不曾熟識
環境來阻礙 甘講你唔災 想看麥 你想看麥 我就是一個傻子 不認輸的人 要繼續走 欸使也袂使
失去的愛 已經找不回來 我擱塊等待 思念的風一陣陣吹來 希望你會知 我唔是無了解 講未出嘴的彼種無奈 以後就當作不曾熟識
留言（ 1 ） 最相關留言 所有留言
留言（ 1 ）",2026-07-26,,False,False,
2026-07-27 04:16:23,49,,,3,92,15,https://streetvoice.com/minzer_c_lee/songs/870654/,https://streetvoice.com/minzer_c_lee/,"https://akstatic.streetvoice.com/song_covers/mi/nz/minzer_c_lee/NKed6HUTP6pfgiQkBLnioK.jpeg?x-oss-process=image/resize,m_fixed,h_1,w_1,limit_0/resize,m_fixed,h_630,w_1200,limit_0/watermark,image_c29uZ19jb3ZlcnMvbWkvbnovbWluemVyX2NfbGVlL05LZWQ2SFVUUDZwZmdpUWtCTG5pb0suanBlZz94LW9zcy1wcm9jZXNzPWltYWdlL3Jlc2l6ZSxtX2ZpeGVkLGhfMzQ0LHdfMzQ0LGxpbWl0XzA,g_nw,x_428,y_143/watermark,image_YXNzZXQvaW1hZ2VzL21ldGFpbWFnZS1zb25nLnBuZw,g_nw,x_0,y_0",@minzer_c_lee,音樂人,,,,5,8,16,,,https://www.youtube.com/user/StreetVoiceTV,Dance,,,,"An Afro House Experiment 
An Afro House Experiment","這是沒有提供歌詞的歌曲
留言（ 15 ） 最相關留言 所有留言
留言（ 15 ）",2026-07-23,,False,False,
2026-07-27 04:16:23,50,,,9,663,4,https://streetvoice.com/marsmeimei/songs/866181/,https://streetvoice.com/marsmeimei/,"https://akstatic.streetvoice.com/song_covers/ma/rs/marsmeimei/NfAicRXZRjLCngtYkWZNvy.jpeg?x-oss-process=image/resize,m_fixed,h_1,w_1,limit_0/resize,m_fixed,h_630,w_1200,limit_0/watermark,image_c29uZ19jb3ZlcnMvbWEvcnMvbWFyc21laW1laS9OZkFpY1JYWlJqTENuZ3RZa1daTnZ5LmpwZWc_eC1vc3MtcHJvY2Vzcz1pbWFnZS9yZXNpemUsbV9maXhlZCxoXzM0NCx3XzM0NCxsaW1pdF8w,g_nw,x_428,y_143/watermark,image_YXNzZXQvaW1hZ2VzL21ldGFpbWFnZS1zb25nLnBuZw,g_nw,x_0,y_0",@marsmeimei,音樂人,台北市,2017-11-01,2025-10-08 13:38,2,30,3,https://www.facebook.com/share/1GPmAbT9r1/,,https://youtube.com/channel/UCB1mc11lpuGwTK1f7xG9nhg,Singer / Songwriter,《色緻》 The Absolute,https://streetvoice.com/marsmeimei/songs/album/97325559/,謝明諺、柯智豪、林冠均,"彷彿是一幅塵封已久的烏白相片，予一束溫暖的日頭光慢慢仔照光，彼寡關於阿公日治時期青春年華的想像，就佇這光影中清醒。歌曲以親像盛夏下晡，穿梭佇濃密樹葉間，時明時滅的Trip-Hop節奏，營造出一種時間恬靜卻又暗流湧的氣氛；音色倒像是老舊相機鏡頭下，暈開的溫柔光暈，帶著歲月的溫度佮一絲難以言喻的沙微沙微的詩意。 歌曲特別邀請百合花樂團主唱林奕碩來合作，佮林理惠做伙進行男女對唱。奕碩的歌聲親像當時微風吹拂樹梢，捎來青澀戀情的耳語，佮理惠的演唱交織做一幅光影流動的畫面，像晴朗樹影間綻放的刺殼仔草，含苞待放的見笑情愫，隨著旋律中如指尖輕觸琴鍵般細膩的音符，如男女聲在耳畔細聲的綿長氣息，交融出晶瑩剔透的色緻，閣暈染開一逝予人心醉的瀲灩氣氛。 製作人 Producer：柯智豪 Blaire Ko、謝明諺 Minyen Hsieh 演唱人 Vocal：林理惠 Mars Lin、林奕碩 Lin I-Shuo 詞 Lyrics：林理惠 Mars Lin 曲 Composition：林理惠 Mars Lin 編曲 Arrangement：林冠均 Jun Lin 爵士鼓 Drum Set：詹前彥 Yen Chan 錄音 Recording Engineer：劉詩偉 Shih Wei Liu、許智敏 Jamie Hsu 混音 Mixing Engineer：劉詩偉 Shih Wei Liu 母帶後期 Mastering：劉詩偉 Shih Wei Liu 錄音室 Recording Studio：佳聲錄音室 Good Sound Studio、白金錄音室 Platinum 　Studio、繭房錄音室 Cocoon's Studio 台文校對 Taiwaness Proofreading：鄭順聰 Tēnn Sūn-tshong 完整專輯這裡聽： https://linktr.ee/marsmeimei 
彷彿是一幅塵封已久的烏白相片，予一束溫暖的日頭光慢慢仔照光，彼寡關於阿公日治時期青春年華的想像，就佇這光影中清醒。歌曲以親像盛夏下晡，穿梭佇濃密樹葉間，時明時滅的Trip-Hop節奏，營造出一種時間恬靜卻又暗流湧的氣氛；音色倒像是老舊相機鏡頭下，暈開的溫柔光暈，帶著歲月的溫度佮一絲難以言喻的沙微沙微的詩意。
歌曲特別邀請百合花樂團主唱林奕碩來合作，佮林理惠做伙進行男女對唱。奕碩的歌聲親像當時微風吹拂樹梢，捎來青澀戀情的耳語，佮理惠的演唱交織做一幅光影流動的畫面，像晴朗樹影間綻放的刺殼仔草，含苞待放的見笑情愫，隨著旋律中如指尖輕觸琴鍵般細膩的音符，如男女聲在耳畔細聲的綿長氣息，交融出晶瑩剔透的色緻，閣暈染開一逝予人心醉的瀲灩氣氛。
製作人 Producer：柯智豪 Blaire Ko、謝明諺 Minyen Hsieh 演唱人 Vocal：林理惠 Mars Lin、林奕碩 Lin I-Shuo 詞 Lyrics：林理惠 Mars Lin 曲 Composition：林理惠 Mars Lin 編曲 Arrangement：林冠均 Jun Lin
爵士鼓 Drum Set：詹前彥 Yen Chan 錄音 Recording Engineer：劉詩偉 Shih Wei Liu、許智敏 Jamie Hsu 混音 Mixing Engineer：劉詩偉 Shih Wei Liu 母帶後期 Mastering：劉詩偉 Shih Wei Liu 錄音室 Recording Studio：佳聲錄音室 Good Sound Studio、白金錄音室 Platinum 　Studio、繭房錄音室 Cocoon's Studio 台文校對 Taiwaness Proofreading：鄭順聰 Tēnn Sūn-tshong
完整專輯這裡聽： https://linktr.ee/marsmeimei
https://linktr.ee/marsmeimei","愈來愈遠　只有我一人咧等天光 鼻著一陣　茉莉咧等待清芳的時陣 伊的笑笑甲無著時　淡薄閉思心稀微 親像五月節聽著　四月望雨 メロディー 恬摺摺無防備　ロマンス的日子 I feel the silence  佇底ふつかづき 揣迷戀的證據　迷戀是我是你 I feel the silence 　頭眩目暗的愛情 一陣雨來　無張持 雺霧天無星無月爿 時鐘伊直直走　毋願停 露水珠仔佇刺殼草葉仔頂閃爍 用朽爛的愛飼青苔望伊醒起來 放袂記　風吹起　彼一片　斑芝花像落雪隨風飛去 葉若變白　思念來揣 無因無端的操煩  吊掛咧我胸坎 恬摺摺無沒防備  ロマンス的日子 I feel the silence    佇底ふつかづき 揣迷戀的證據      迷戀是我是你 I feel the silence    頭眩目暗的愛情 春風無了時 not necessary 驚蟄的時　雨水 新葉咧發穎  is necessary 木漏れ日 はな きれい 恬摺摺無沒防備 ロマンス的日子 I feel the silence   佇底ふつかづき 揣迷戀的證據　 迷戀是我是你 I feel the silence   頭眩目暗的愛情 
愈來愈遠　只有我一人咧等天光 鼻著一陣　茉莉咧等待清芳的時陣 伊的笑笑甲無著時　淡薄閉思心稀微 親像五月節聽著　四月望雨 メロディー
恬摺摺無防備　ロマンス的日子 I feel the silence  佇底ふつかづき 揣迷戀的證據　迷戀是我是你 I feel the silence 　頭眩目暗的愛情
一陣雨來　無張持 雺霧天無星無月爿 時鐘伊直直走　毋願停 露水珠仔佇刺殼草葉仔頂閃爍 用朽爛的愛飼青苔望伊醒起來 放袂記　風吹起　彼一片　斑芝花像落雪隨風飛去
葉若變白　思念來揣 無因無端的操煩  吊掛咧我胸坎
恬摺摺無沒防備  ロマンス的日子 I feel the silence    佇底ふつかづき 揣迷戀的證據      迷戀是我是你 I feel the silence    頭眩目暗的愛情
春風無了時 not necessary 驚蟄的時　雨水 新葉咧發穎  is necessary 木漏れ日 はな きれい 恬摺摺無沒防備 ロマンス的日子 I feel the silence   佇底ふつかづき 揣迷戀的證據　 迷戀是我是你 I feel the silence   頭眩目暗的愛情
留言（ 4 ） 最相關留言 所有留言
留言（ 4 ）",2026-07-03,,True,False,https://streetvoice.com/marsmeimei/songs/866181/critic_reviews/
